,политика,политика,кино,кино,технологии,технологии,культура,культура
,Title,Text,Title,Text,Title,Text,Title,Text
0,4045 3180 953 945 4676,1182 1259 1504 954 5604 4675 5579 4677 4856 910 4045 4867 4239 4676 4295 2825 1776 5369 733 3795 5475 4722 4148 4241 1104 3549 1259 4567 5487 630 2975 5455 5179 1789 3008 1195 4675 4901 4557 2764 3549 3036 3099 4295 910 4045 4785 5415 2541 5004 5431 3912 733 1577 3795 4766 2002 4869 5315 3024 3792 3460,2464 2024 4154 1546 1839 5282 1487 871,4455 3692 830 871 2281 3509 2011 1827 3471 4274 2787 530 872 363 18 406 127 245 1397 4284 1723 4274 2002 5619 5551 2202 4660 505 2464 2024 1863 4283 5450 5282 1488 4284 3519 3017 1841 471 5282 1487 505 3175 1459 3911 704 4889 2024 3692 5585 4283 1513 3397 3848 4284 2261 1839 1487 4107 1841 2226 3738 4398 2982 5369 1839 2464 2024 1397 4284 2194 4166 1839 4889 3223 1520 2840 5008 1914 1845 1998 704 5092 4624 3216 4274 871 1091 2444 4927 2464 2024,442 418 3692 4533 1851,1967 1937 2257 4517 2735 3107 4478 418 5168 3235 5661 4533 1851 2036 1012 442 5670 5671 5670 4636 363 402 3107 4476 1448 2265 2180 870 1249 2133 3584 3211 590 4901 5611 4554 997 4638 3598 2147 2706 2257 1994 1939 1896 1319 2036 3692 3107 4476 567 4517 1859 2992 3576 2166 142,5142 4261 4755 1839 3801 3757 2675 5288,4258 2700 3844 4070 1170 3361 3644 1812 4860 2780 3436 4890 4755 1839 3801 5067 5034 4408 2321 4368 3063 2675 2252 5254 4444 4385 3749 2387 505 4258 2700 3463 363 154 309 1546 2218 3175 1531 2384 5050 3171 5142 2922 1063 999 952 4867 3097 4520 2700 2281 2853 2785 4093 4332 1596 1464 5288 4755 3844 1200 4876 5251 1839 3801 4070 1170 3361 1812 4860 5619 1745 2780 3436 4889
1,4045 3609 3460 3115 1297,1857 1182 4192 3759 3115 2327 3175 3462 4788 5262 913 1776 3773 910 4045 1106 733 3794 1259 3844 4348 1184 1677 1619 2220 4829 3273 2550 5381 1360 3872 4248 3227 2220 5455 3763 3307 1576 4295 1044 1034 3595 2446 1857 4312 4192 1636 3774 1448 981 1295 3069 1101 4663 1977 3732 2979 4294 2397 4154 1028 1857 1295,4455 3692 5029 2933 5455 5512 871,443 3585 4614 3439 2065 2815 3585 4526 3691 2993 4613 1979 4526 3101 2536 2235 1312 2202 1870 4453 1869 4945 203 5279 2414 1312 3584 1979 4334 421 1312 4339 1326 1876 2670 4800 4613,2596 815 1742,4398 4981 653 752 5232 1572 3136 5649 1984 60 1350 752 5232 1572 3136 5649 1984 60 4981 653 1742 2596 815 816 3111 2933 4978 1187 2987 1954 1017 3316 4766 3155 4087 4606 1938 2596 815 4624 2212 252 2281 4064 4981 1601 1667 3942 1481 3596 5232 1967 1359 1954 1849 1017 3316 653 3761 3576 3061 980 3007 4334 931 3580 173 3692 1350 3056 2596 479 816 4334 3692 3110 2933 4978 420 417 415 3159 4004 3331 1326 160 4476 480 396 5650 1176 4106 159 3037 3870 5191 4063 4434 749 4976 1380 4622 816 1922 3521 1954 1937,5592 3265 5175 945 1166 5412 1049 964,4575 2356 4867 651 1079 4324 4782 5041 3644 1889 2065 4235 1764 1731 3012 2805 1155 5544 5573 2135 5412 1049 4741 2599 964 3891 2864 5041 5592 4612 5642 4983 2501 2356 5328 1895 3708 5026 4295 1166 1001 5026 945 2342 1992 5412 3739 1974 3359 943 1345 3576 4295 2065 4236 3691 1195 2342 5412 946 1166 1806 1453 975 953 4295 4027 3711 4741 4385 828 3423 4788 5403 2987 2342 5412 3227 1167 1259 3755 2815 4792 1608 1453 975 3500 3097 4520 2501 1166 1082 5450 5025 2597 1461 4245 1850 1078 2748 3073 4741 2511 5236 3748 4613 4575 2356 1776 2869 1082 1463 1517 2599 3266 3349 4362 850 2232 1421 4109 4796 3487 460 1455 2612 5642 4610 576 1144 5494 5416 4599 4294 942 3028 4867 651 1079 4324 4782 5043 2342 5412 3644 1889 4869 4236 4348 4236 3576 4601 4683 2748 4796 5236 5463 1615 4121 3975 1312 1312 2865 913 2813 1711 3517 2342 5412 1481 2065 4236 3072 1306 3459 4486 1539 4324 4782 5233 1200 2739 1951 1080 3174 3564 3038 1776 1145 2612 4575 2356 1081 1326 5175 4095 447 665 1166 3838 4295 837 5412 1049 4796 2599 964 3652 5328 1776 979 1055 1519 2808 4661 5450 1993 4342 3739 1974 1481 1981 2065 2203 943 3672
2,1184 2072 4045 2726 3314 3155 5124 4796,3314 1481 1106 4283 3155 5124 1259 1776 3773 910 4045 3187 981 4606 1848 4297 4294 2397 3500 1321 4966 4514 4157 2072 4557 4520 5536 698 5381 2072 3606 3314 1849 5124 1259 4218 4047 4593 3795 5492 4935 5020 2356,1783 485 1398 2648 1069 4373 3897 5540,5251 3619 505 1043 758 3007 5097 4901 3668 530 505 1398 2648 3692 4034 1514 2871 3897 5540 1440 1122 973 4250 4389 4277 4211 5363 3890 1783 485 3212 758 925 870 3501 4926 533 3007 5540 581 4250 1503 1127 834 5533 3739 1806 1384 2387 505 4271 1236 1126 4901 3007 2648 3848 5551 363 296 383 3897 2880 5251 505 2648 3220 4187 2877 3574 1729 2274 4520 3532 505 4901 3007 4067 1051 5076 2680,344 3351 4064 4756 208,4117 4436 5430 1439 1776 3782 1313 3462 2145 2893 3107 4476 24 399 3034 5655 2145 344 1741 208 4901 3007 4436 3350 3460 3107 4476 270 423 205 270 423 239 205 270 423 221 273 423 434 1109 4484 4766 5191 2933 841 3107 4476 210 3849 2990 4385 5200 210 99 58 1116 3107 4476 3460 2212 21 4734 504 3398 5278 4517 209 2626 209 2626 526 2269 2218 2626 2933 209 295 2626 4443 2933 209 4 2626 2218 2933 208 236 2626 2933 167 2626 4442 2933 208 295 2626 2933 429 2626,2992 3585 4613,443 3585 4614 3439 2065 2815 3585 4526 3691 2993 4613 1979 4526 3101 2536 2235 1312 2202 1870 4453 1869 4945 203 5279 2414 1312 3584 1979 4334 421 1312 4339 1326 1876 2670 4800 4613
3,4045 552 3328 3319 4517 2834,3773 4319 910 4045 4517 2834 1028 3787 577 2920 3319 3835 2659 3257 881 1259 2763 577 5647 4809 3308 4295 3227 4796 4317 3223 910 4045 4087 3227 2659 1584 1996 4180 4936 4484 2596 3678 953 701 3017 1254 3319 1481 4517 2834 3835 880 3502 4294 2399 2932 3795 4294 2397 5492 5020 2356,5588 391 929 2418 4206,3942 3203 5550 2366 4134 4064 3619 4444 4801 1354 335 1967 2930 4206 5588 1839 391 3391 104 2309 3661 3147 5550 2366 4134 4064 4444 4801 1360 4206 3203 3942 3403 918 4569 5282 4382 1184 4283 2281 1977 4125 4221 335 4057 5589 391 4107 3942 3881 4452 1241 2923 780 1408 2046 5588 929 929 3070 4207 4527 5282 2851 5093 1535 1481 4766 3851 1839 4154 3325 3852 670 1966 4627 2858 1535 1976 1184 4283 1816 5374 2933 5460 2785 2646 4523 3175 505 2048,3692 4059 3584 179 295 1593 1385 5585,3685 3903 1677 3491 3056 2985 1437 1242 5662 5590 179 295 3504 1385 1437 4636 211 5585 3406 3009 4059 2281 3070 5662 2985 3224 1337 2804 3216 4663 3279 2943 1774 3420 5480 3584 179 295 4636 1847 3903 2612 958 1871 2884 4063 3492 3237 1592 3584 3220 1700 5585 4783 1561 2626 1561 840 3584 179 295 3504 3443 2269 21 3843 2740 1385 1776 4867 608 2572 4063 3406,5142 4206 3918 4710 2948 2471 1443 2021,4025 505 3960 3599 1350 2933 583 2560 3688 5213 3158 2930 583 2659 4206 1534 505 1443 2021 4501 1615 2659 4636 4909 4742 3759 4932 4520 4206 3646 2562 5056 726 4025 2021 3960 3599 1350 2933 583 2560 3688 5212 3137 4931 4826 581 4187 3511 3059 4930 1443 2021 4206 4446 3918 4710 2948 2471 505 4745 4693 4930 5636 770 2785 987 2021 1840 2933 583
4,4045 3183 981 5385 3706 2596,3773 4295 910 4045 5369 733 3795 5475 3183 981 1625 410 348 189 5385 3706 2596 5570 3237 4045 1448 1019 2052 5166 2596 1812 2804 5559 2661 4294 5085 1738 1720 3040 4045 3220 5561 3510 913 4870 4246 709 1659 1184 5403 2815 925 3549 2975 1330 995 1715 1522 2560 2541 572 4068 4734 4068 3502 4294 2399 4593 2002 733 1577 3795 4294 2397 910 4045 4011 2659 5103 5020 2356,2992 3585 4613,2933 2189 1787 964 80 398 257 3496 1309 5252 4963 3959 5613 4490 4889 2380 4508 5085 5546 2518 5613 4270 2472 5503 2881 1767 2066 4867 3957 695 975 4463 5251 4695 5504 4529 4484 2332 3495 2930 2189 4766 1859 3199 5613 3287 1322 4459 761 1898 2478 3674 4463 4624 2625 5058 1393 5217 5547 4415 2479 4460 999 1514 4867 3287 3199 1322 823 4859 1767 875 1322 823 3447 2538 4463 2707 4592 952 1313 1980 4861 3450 822 2332 936 3199 3287,4534 3054 5256 2726 2441 750 4296,2397 3489 3168 320 3056 4062 1039 21 336 266 219 177 4660 4999 750 4734 4296 3123 3872 5224 1619 4796 959 2391 2560 1715 750 4534 5602 320 3190 3752 3124 3220 2487 2402 3646 1038 5034 2560 3069 750 3054 2 254 4644 4060 2560 1715 750 5602 21 335 1312 1850 69 48 200 438 261 345 424 152 61 308 282 26 47 223 318 299 229,2485 5519 4573 2150 3369 338 130 5669 871,3619 4294 4962 3220 4556 4878 5519 917 1543 1809 3872 5224 4876 2150 3369 412 1290 338 130 4647 871 3692 437 409 316 4294 1783 4961 4660 678 3083 3284 2626 2453 5326 1604 5519 1776 4556 4879 2150 412 752 1603 2176 338 130 1087 3369 2397 752 5440 4006 4425 2834
5,2992 3585 4613,4294 2397 910 4045 2726 4348 1184 4593 5221 1182 1259 4867 5465 5334 1044 3773 4319 1044 3773 785 851 4796 5465 5334 785 851 4796 1776 1182 1256 4636 2356 910 4045 3423 1046 2710 1233 2052 1489 2694 4011 4295 1244 2815 4796 4365 4295 1529 5477 1184 5032 4366 4751 5471 3609 5496 4365 1107 2437 2397 4796 1850 5441,1397 734 3738 4398 5018,443 3585 4614 3439 2065 2815 3585 4526 3691 2993 4613 1979 4526 3101 2536 2235 1312 2202 1870 4453 1869 4945 203 5279 2414 1312 3584 1979 4334 421 1312 4339 1326 1876 2670 4800 4613,2992 3585 4613,2612 5592 4298 5405 4391 2850 2622 3106 1837 1681 4321 4667 3106 4796 2527 680 356 2811 1864 444 3440 4907 4391 4908 4746 2849 1091 1859 4946 4703 5071 2145 2711 2446 3440 1749 3681 989 5567 2356 4057 4108 4389 4298 5405 1091 4782 2622 4391 474 2929 4893 1184 3894 4298 4907 3106 5116 4095 2145 2766 3584 2202 680 3392 4865 1196 4907 1877 5655 657 4526 3462 3224 3106 1083 5262 1681 1876 4746 2817 5514 3182 2566 4668 2202 876 3456 2218 2950 4766 5664 3440 4907 2849 2145 3764 2527 5210 3353 2930 5405 4665 5655 3906 733 5478 2677 4703 5071 2145 2356 1859 2202 4503 3456 444 3440 4908 4747 5405 2850 4734 3938 4948 4405 4323 4134 1776 3787 4796 1443 2529 4248 3437 2817 5647 2732 724 4296 5579 4728 1543 797 5072 1527 777 3574 1871 1876 2742 4746 4163 2742 2719 677 1076 2204 4165 3440 4907 1681 4323 1877 3106 3509 1837 1876 1684 5007 4088 4766 1859 4638 444 820 3106 4796 3440 5401 2847 1481 1756 2145 2576 3906 1543 4520 1182 357 79 1364 2351 1876 2817 4298 5405 1064 1543 3894 3770 2869 1975 1681 5663 1876 2348 4306 1951 1776 5592 2352 1703 3106 1712 2569 1083 4107 4677 5333 4165 677 1076 3340 3414 446 3440 5413 5353 4298 5405 3106 3816 2640 3249 602 1543 1364 2352 4095 2358 2950 4520 2351 444 1481 3872 1318 3906 5473 1500 1954 3440 2276 1842 4323 602 3106 4590 1713 3894 4711 444 1481 4766 5245 4295 2708 2917 5405 4391 4728 3171 2596 3220 4674 474 4782 1232 1784 5405 2622 1937 785 993 4606 4180 4323 5179 4611 1984 76 312 2388 4295 966 4999 4796 4348 1387 2622 1937 2766 4736 2599 4782 4306 1146 5024 2815 4796 3527 4068 4307 3035 3440 4907 5188 444 3826 4517 3408 4095 332 1937 3849 1930 3106 1259 1930 2145 2712 5385 3586 2064 4391,3321 4254 4154 5251 2933 521,4520 3321 1785 3686 2684 2281 3391 711 2495 352 96 3321 4254 3034 1087 2933 521 4636 51 1776 761 3407 1082 4777 4191 1785 2930 521 3686 2684 711 2495 352 95 917 3321 1776 521 4905 966 3369 4520 4254 1879 3942 4624 3635 1724 3646 521 1321 2646 4254 1087 2933 521 1339 4869 3321
6,3556 3357 1183 5302 3795 4045,2552 1442 5441 2595 4294 2397 5183 3183 982 3795 3773 4319 910 4045 4766 4231 5487 1624 2897 5499 1677 2876 2552 2356 4154 1430 1921 3553 4678 1125 4547 3795 2897 3220 3773 3684 2891 2604 952 4960 4766 3138 1624 1931 4895 2908 5313 5568 1657 981 1873 4510 1355 1033 2052 4193 1624 4867 3098 1058 981 2052 5649 964 5122 3914 2079 3968 2599 2247 1509 2047 2612 4045 1514 3480 4082 3187 3529 908 5429 4484 4575 2356 1776 3795 3528 3624 1690 1135 2281 3510 2861 5483 4464 2552 2612 4547 4522 996 4796 1329 3703 2765 3922 2659 1639 4869 733 3795 3773 4319 910 4045 1442 5441 2595 4294 2397 5183 3183 981,2186 3557 4308 4766 2397 4294 3961,443 3585 4614 3439 2065 2815 3585 4526 3691 2993 4613 1979 4526 3101 2536 2235 1312 2202 1870 4453 1869 4945 203 5279 2414 1312 3584 1979 4334 421 1312 4339 1326 1876 2670 4800 4613,111 2811 1358 4546 5269 2907,4679 4661 1526 4546 5428 3584 4901 4718 4679 738 4150 5265 2932 2612 4117 5491 3576 3482 1954 3326 4344 4554 3872 4248 5249 3091 2932 2899 1376 841 5271 3692 953 3651 3482 1954 4334 4799 4104 2932 1703 2359 3655 4742 4791 4334 3692 2132 162 2724 3576 2301 3110 4241 1324 4195 1490 4742 4796 3584 4104 5078 4035 530 4546 3576 1526 4679 4734 4294 549 1730 3860 1858 818 4174 2195 2901 2194 2928 4134 3919 4679 1779 1526 5427 1869 4718 740 5268 2932 3584 5103 5647 1994 4250 4783 1456,2591 3454 1998 2222 2441 2682,443 3585 4614 3439 2065 2815 3585 4526 3691 2993 4613 1979 4526 3101 2536 2235 1312 2202 1870 4453 1869 4945 203 5279 2414 1312 3584 1979 4334 421 1312 4339 1326 1876 2670 4800 4613
7,2817 4475 768 4326 5592 3265 1263 4045 1421,4294 2397 3561 3209 3759 4546 3691 657 3577 4616 1932 3463 2358 4385 996 4665 733 1577 3795 910 4046 1776 894 5311 3209 2933 1361 550 5339 977 2243 3945 2709 981 3177 862 969 5455 4391 1421 3577 4957 2289 4616 1934 1499 5120 2346 3176 2485 768 2817 4328 2513 3368 878 1264 3187 981 447 2446 733 2468 2208 2752 3466 550 5339 4557 4957 4615 2243 3577 4524 1933 4699 3187 981 2766 4328 4045 1096 1238 1190 4615 3747 981 981 2020 5566 3791 5455 2884 2612 5483 2235 4955 3773 1514 937 1096 2639 976 797 3645 5483 1300 4458 3351 5173 3620 3052 2018 2235 2953 3500 894 5312 3010 927 2671 3945 5578 4956 5447 4484 2696 1647 4797 1678 5339 1090 2612 5401 3795 716 773 1429 878 3773 4181 2788 5385 3022 5455 1514 845 1530 4543 4110 1514 3878 5501 550 5340 3269 1430 5415 3553 535 5432 3276 1316 1090 2612 3795 1761 981 969 3028 981 1187 5352 4353 4663 466 2205 4663 3976 1909 1749 3323 964 4475 4484 5120 4018 4694 981 3019 969 3028 3576 3182 1182 1259 1657 981 2052 1012 4193 4956 4067 981 1187 5352 3220 1316 1024 981 1134 2379 981 4187 4970 3175 4474 733 1577 3795 910 4045 4665 2659 3930 5441 2356 850 4935 5020,2992 3585 4613,4860 2933 5282 1481 2757 2188 5551 4828 859 4032 5632 2458 1557 4818 4409 93 119 3403 837 5585 2186 1487 2785 2646 3942 2804 3053 3875 2202 4636 341 4860 5282 4064 2458 1557 4818 4410 2685 3331 4828 859 4032 5632 2052 4206 4826 2785 2646 1712 3521 5457 4520 1994 3330 1954 1624 1827 1596 4233 4032 3933 4446 2933 1169 540 4484 3957 5282 1418,2726 2017 179 21 1087,461 4241 5103 2343 1261 3771 4517 1212 1261 2933 179 179 236 4060 3537 1561 179 4425 3537 4641 5661 1869 208 271 1423 4976 5353 4455 2797 179 236 3750 21 3154 2269 3768 4104 5073 5585 4869 5140 4133 3646 179 236 2993 1218 3406 3761 847 2763 847 21 3528 5541 179 3149 3772 4189 179 295 4998 4133 2160 1496 110 164 2454 2308 4776 21 281,3636 4930 3630 1744 3564 3038 5655,4520 1696 2591 3276 4772 1945 1742 3325 1351 4930 1944 3209 4064 609 4204 4154 1707 2340 3276 4772 3630 4930 1742 1350 5369 1752 2174 2591 5655 3630 5332 3564 3039 4134 3391 2356 604 4931 2482 4593
8,3984 2850 3554 4172 4458 4045 5483 1719,4294 2397 3024 1624 1514 5513 4857 5403 1659 4794 4802 1921 2807 2310 2921 4653 3263 733 3795 3773 910 4045 3010 927 1182 1259 3242 4095 1624 3821 4777 3554 4154 657 2358 1059 2270 1852 4430 3765 3914 3607 1360 3046 2616 5639 3260 5592 4406 4095 3773 4549 2052 931 3549 3773 4398 5162 2225 2855 2348 3816 4796 5184 3769 1200 4819 4458 5483 2612 3554 1035 3988 4329 5325 1095 4312 4294 1259 1306 5664 3608 2906 3227 1098 5484 2250 3984 3251 4857 2459 5113 3220 4654 925 3549 1182 1259 4398 5162 4977 3724 1719 5116 3554 5177 1307 777 2634 4294 2397 1326 3608 1055 5232 4295 588 3183 2446 5085 4788 2799 4243 2331 3159 2250 3984 4011 5369 851 3795 5369 3182 981 530 4546 4218 5594 733 1577 3795 910 4045 4665 2659 3930 5441 2356 850 4935 5020,5571 2263 2726 3056 3416 5282,2111 1623 363 154 309 1048 3416 5282 5221 1209 3325 2560 555 3069 2311 1532 2725 2165 1265 4206 2074 2224 2380 1184 530 2520 4883 1411 5012 4334 315 377 467 3201 4244 2048 3576 4224 4013 1038 2560 4706 4348 3909 5282 3069 717 4264 1298 2811 4572 3248 626 1184 2111 363 154 309 4993 2463 1776 938 4063 5282 1481 4598 4039 3530 1710 5039 5282 4061 3247 4380 1397 5307 1377 3416 5282 966 833 5571 2263 2427 3049 3108 5520 2641 1874 4848,2940 21 3963 4484 1193 179 295,894 21 566 2973 1558 4259 3183 1592 3541 2933 2626 179 2145 955 1129 1515 2261 3069 1883 2202 2726 4528 1386 2940 1776 3406 1868 4750 2062 4520 4997 2564 3646 841 179 295 2579 3769 2626 2940 1979 2926 4530 1636 2819 1973 2269 916 4063 5199 4134 3391 2356 1087 179 295 907 1766 3573 925 1385 1863 704 3928 2779 2370 4395,2169 4296 1048 5381 505,1269 4796 1048 2687 2402 4824 1715 3087 762 4295 2726 4437 636 5381 505 4378 1326 1018 5415 1887 3026 2613 1781 636 1510 3489 1048 3124 1038 2560 4146 2227 5343 1229 3190 755 1516 910 2524 4296 3183 981 4867 2687 3056 4824 1715 5280 2126 1328 3376 1364 2521 5037 2921 622 5479 2560 4146 518 4040 4060 4824 1715 4501 3320 1443 5361 2281 3872 5224 5053 4296 4761 3911 1350 2565 3123 4953 1929
9,3773 3713 3370 1776 4045 703 5281 5349,3797 3773 4319 1443 3370 4154 2659 3187 588 2841 5516 4788 1916 3308 5281 5349 1014 703 3773 3773 3713 3713 2541 1360 1184 931 1776 3370 5632 3325 2030 4520 4788 4295 5583 1344 5647 3182 588 3399 1088 2659 1596 1757 5349 782 5398 3700 5669 1200 2815 5622 3091 4624 785 4383 1681 2555 1688 3870 4904 3076 3076 1831 1832 3391 2356 5369 733 3795 4294 2397 910 4045 3180 953 1661 1915 3182 573 1269 4319 4300 2612 4045 3870 3076 3076 4854 2839,5282 485 2397 530 3961,4403 528 5254 717 1069 4294 5263 2128 485 1638 3056 1114 530 3961 935 4842 2584 1482 851 2596 2380 4588 2584 1482 4636 400 4728 833 2995 1094 5505 2834 1336 1114 1744 1482 4514 3220 2129 4398 2731 2053 485 5282 3069 5585 2834 531 4867 2834 4275 4870 3700 1514 4986 3715 2172 3638 2122 4466 1091 4901 3007 485 4588 1514 733 2053,424 3761 2644 4534 54 1267 2269,778 2626 5096 3139 5399 2330 1098 4119 5586 3761 2644 4534 424 288 4636 131 62 4064 2749 226 147 274 5668 491 4661 2522 5200 3460 773 1751 1895 4124 235 2206 2372 3041 472 2672 799 3154 2040 1092 1420 5585 4661 1559 4119 5341 3379 122 145 1665 3289 4104 1331 2025 4119 2674 4145 4493 3233 3285 4534 1524 5037 5399 1267 4472 1820 5511 4534 552 1575 2244 1146 4782 4901 5200 4661 2129 4227 5405 4796 4637,741 1184 2697 4796 3428 5381 3449 4273,2776 581 4295 2608 741 3223 1350 4385 4273 3715 3912 2323 4427 4754 3188 4063 3600 3455 1998 1649 581 3646 1108 3403 3197 2290 2551 1712 4791 4063 1360 1546 2959 3449 4273 930 2933 4348 1184 1706 5288 5075 4273 1287 3899 3463 741 5632 2954 1350 2608 4437 4271 930 4761 4884 1528 1323 1583 741 2386 741 4271 2376 1686 2377 1921 4930 2684 2103 2348 2410 5240 2460 3056 4882 4283 4859 1323 4693 2377 4930 2378 2214 2104 1335 5282 2665 4631 5545 1861 3898 1109 5585 1333 4951 891 2545 4761 4884 4058 790
10,3370 1776 5351 1345 4870 1066 2976 2596,4295 1967 482 925 3549 4744 3758 5351 1345 4870 1066 663 2659 4796 1776 3797 3773 4319 1443 3370 3183 981 3264 2886 1345 530 478 697 2304 4744 3758 5201 2560 2885 2874 5351 1914 4248 1066 1432 2541 1360 2976 2052 4295 2052 4796 3220 3365 2304 2726 2844 4353 4870 4294 4737 2505 1954,246 4572 4444 3597 5530 5375,666 4766 2933 1184 1169 4444 3948 584 2215 1467 246 4572 4444 2158 584 2215 1466 1381 5530 5375 5415 4889 4156 4886 666 1470 5375 3958 5130 2426 5424 4153 5375 1381 3360 3986 2472 3598 4518 3521 5129 2729 1185 5375 5130 3769 5588 3333 3399 4156 5375 2756 798 2930 4444 2757 676 1686 4063 5588 3104 4044 1324 3786 2930 5551,137 4766 2981 5564 4290,2202 3203 2194 3114 5564 3955 3203 2981 5564 4290 4103 4306 1947 4154 3759 2201 137 1776 4766 2981 5564 1074 4290 4645 2162 530 2268 1895 3708 2981 5564 1350 137 3203 3187 981 3113 5564 3956 2268 137 3272 1350 4842 4306 3202 3465 4203 1734 4334 5287 3524 1054 4290 1703 5565 4353 963 1345 3429 2202 3523 1629 4968 4295,5488 4316 4489 3646 5282 2608 1666 3528 5655,4356 2757 4860 2048 994 1107 2065 2115 4573 5288 2382 2955 552 3786 2186 528 5488 4316 4489 3656 4058 2608 1666 5282 3528 5657 4155 3852 2264 1198 1902 2461 2002 4889 4796 1198 2725 4348 5534 457 4626 4875 5288 1666 3694 5585 4155 1313 4839 3361 1108 3069 3646 1615 3390 4501 2950 5282 3239 2218 4727 1639 4063 3942 4876 3872 5224 1528 2608 1666 1582 4883 3056 4283 3130 1933 1522 1828 927 1546 5101 5282 3651 3532 4927 2608 2921 2281 5358 1453 3515 5059 1551 2104 4206 5282 1443 3291
11,5345 918 718 3324 1888 2084 4295,5178 1159 3016 3399 1113 981 4809 4744 3440 3758 3429 820 2599 1372 3770 3399 2241 3141 2505 3621 3089 2738 579 917 3223 5592 1719 3770 4618 5562 1362 3840 3602 3627 3857 3090 2551 4087 557 1990 1786 2967 3488 499 2304 1914 3997 4870 2089 4217 530 943 2813 4113 1474 3184 5090 5239 5009 4647 4453 1956 1159 2221 2919 4978 5011 5192 1911 2086 4624 4825 3324 3403 1987 981 953 3879 1952 595 2027 1343 5015 3141 2505 3622 4625 943 5085 88 367 307 3 1040 4825 2592 4870 3630 3704 1274 4104 2236 3457 1984 2933 2250 3141 2505 5151 2883 1675 1106 484 941 4463 4870 2236 5117 2870 4171 3606 3141 2505 5151 901 2091 3224 1481 4158 981 3671 953 4120 4476 2241 634 2319 1956 2286 2914 1979 4100 4041 731 1326 5295 1326 1726 4476 1789 4899 3977 4477 950 3819 2422 1326 4566 2723 1270 943 4476 5160 138 4476 5449 2255 4667 4391 4476 1878 5024 1187 4454 4096 1984 1481 4766 981 4902 1343 1979 4677 2536 4978 4150 3699 5265 4527 4624 5403 4620 2768 3553 524 3487 1849 1258 5200 3153 3026 1454 5489 1921 4677 4708 347 7 94 291 12 392 298 75 168 175 176 12 334 70 2065 3032 1984 2870 4158 3356 1115 4902 2755 2082 3137 4295 2129 1960 2157 3183 4517 981 3997 3858 2084 3462 3857 2383 3141 2505 5151 3997 3858 2084 3486 3001 3670 4870 4685 3227 2141 3141 2505 5151 2779 1264 3997 4870 1701 2087 5015 3141 2505 5152 3220 1319 915 530 1133 363 248 433 374 3324 4171 3560 2085 4870 5450 3178 3723 5346 595 1036 1916 4455 1871 5653 919 4316 5345 1044 530 3773 5447 3224 2085 4115 2933 4810 3479 4198 3488 1389 1916 2213 4455 1275 943 1346 5245 3324 3437 4764 2182 3742 953 3721 2010 3155 4595 1036 1916 4455 5403 2859 5346 1923 3770 3858 4378 960 4283 1952 1923 2933 4809 4180 1172 4002 1196 4934 4767 3894 1876 3429 2088 2729 3877 4295 1036 530 4455 3775 1044 4870 924 2389 2216 4870 3756 2192 4081 4428 4870 4258 655 1685 3748 5204 4701 2807 4810 2764 1117 3999 3488 5174 3705 4295 4854 2092 4133 4810 3736 4115 4701 2551 3999 2082 4788 4295 3620 920 1854 4015 4870 5262 2559 5171 5171 3195 5562 4810 1481 1912 3737 1258 4413 4100 5562 4976 2551 899 4116 4476 765 836 454 2523 1231 4622 635 667 4617 2764 4295 4810 901 3110 2568 1382 499 5345 1349 1658 3705 4295 5314 2829 501 3636 4295 4096 1685 4429 654 3224 4810 2870 3767 4096 3636 2238 899 950 2318 5226 1952 1956 4294 3705 3736 5231 4701 3655 3255 1430 2807 4081 4870 3186 3746 2091 1854 4015 4871 3220 2193 2356 3555 4437 2610 3620 5080 3903 4316 5345 4183 1979 4809 5649 3670 4378 2869 4870 3007 1002 2414 4295 4796 756 1065 530 1150 3646 1200 529 4057 3117 5171 4178 2614 4294 5085 1289 1195 2870 4099 877 4294 2130 943 5085 3118 4592 1514 5591 1345 4870 2799 2646 4143 4601 4683 1967 3931 1967 474 5085 3118 1492 4150 914 2596 1360 5085 4143 4601 4683 1062 2861 838 3041 1808 4955 5085 4788 4295 1012 3712 4741 3057 3808 2129 3644 4181 2922 5084 1481 2020 3004 5500 3832 2331 3070 2091 4183 5085 1306 2091 3879 943 4085 2250 1717 934 733 2172 3040 5592 3576 4647 5085 3118 1345 3553 943 1312,502 1137 4987 4504 5142 959,502 4930 2104 1137 4987 5142 1615 4505 2253 4641 3630 319 202 3731 1319 582 5112 1615 1871 5057 725 3481 1862 4025 3688 5211 4987 1863 2326 5654 2116 4573 642 5648 1630 2636 5065 1506 4929,2508 3036 2869 1681 4830 4314,1096 5536 3026 1433 1504 3051 3708 4381 458 4314 1481 2971 2815 4796 2082 3206 1187 4455 1937 2612 1095 4704 4607 788 2508 3795 3636 1998 3148 4451 1772 4294 5450 1937 925 950 925 5085 2082 2014 1228 3848 3553 4248 3206 4295 1187 1954 3838 3299 4520 2508 3737 1753 5536 3026 1433 3500 2838 2777 2014 3708 4380 5455 3868 1681 4788 634 1259 634 4294 4405 1937 1633 4788 3051 3708 4380 1659 1682 1421 3028 4218 4704 4608 4636 2356 1350 1251 924 1685 2973 458 4063 4294 4405 1937 4528 3206 1187 4455 895 2465 487 1970 3106 4391 3601 5257 1760 3871 1685,2397 5440 826 5553 3425 4229 475,4357 2703 826 5553 3425 4229 752 3321 475 4636 674 4588 2686 4955 5282 3929 3056 4824 5440 388 5 2834 3769 4229 4661 2834 475 5190 3407 1069 1213 826 5553 5039 4348 3619 966 521 343 27 355 1416 5576 390 228 4278 3133
12,5010 3714 4850 2124 3066 2065 5381 5165,4706 3069 1811 1993 2409 4796 3603 3029 2340 2397 4295 4768 1709 478 3773 4319 4437 2124 4154 4867 5381 5165 4245 1673 3793 3636 1637 1438 5629 3179 2222 5165 2397 4292 2065 5381 5165 2124 2229 5010 3714 4850 2509 4498 5139 1818 1993 2340 4796 4796 4796 4295 5165 3807 4283 2397 3604 2340 2409 5165 1481 3604 1993 4796 1481 3604 2340 4796 1481 1812 4796 2588 1158 4160 3096 2222 4312 2930 3537 2397 4295 3913 5289 3576 1274 3596 3437 2068 5381 3918 5165 3422 1596 2417 2051 2234 5000 2326 2202 1055 1258 1388 1777 5224 2222 3450,4296 2726 5381 5282,5381 3069 2106 2725 683 1273 5572 2601 4436 2113 1048 5381 3559 5393 5282 3069 2380 683 1273 5572 2602 5282 2113 4661 610 1183 4294 5282 4766 2048 1330 561 2528 4224 5282 948 4706 4294 3961 2380 4588 2581 4304 3619 4294 505 4766 513 3373 2445 495 1998 513 3373 949 4224 4348 3619 3200 505 1183 4444 1048 879 5081 246 4734 4294 4444 2402 1489 573,320 126 260 3576 5073 1437,461 1917 3463 1954 5303 4776 4517 3539 5585 320 126 260 4660 1559 4641 1917 163 393 4920 109 329 263 363 123 126 283 324 207 171 171 171 124 403 170 169 163 393 394 1350 1148 2726 1420 5585 5304 2926 320 1704 1420 1437 961 3225 2626 318 318 3576 1561 5585 318 318 5074 1560 4637 126 318 3576 5585 4119 191 1115 122 145 10 318 318 4119 126 260 4635 4114 4534 3576 2166 78 407 5474 829 5394 876 3950 2744 3268 4597 4776 318 280,2726 1184 4294 5282,4706 5187 2048 2450 5032 4462 2693 714 5282 4766 4714 1532 561 2528 1330 4636 464 2954 4742 3773 1175 2105 2111 4295 2125 4101 1998 3455 999 696 695 733 5184 2048 1330 4514 2048 4736 2197 5185 2612 4101 1643 3577 2735 5282 3818 927 1827 2316 1448 4706 5187 2048 2450 5032 4462 2693 713
13,2124 4649 863 5165,540 5009 1824 3831 3773 4295 910 4045 866 785 2067 5025 4719 5502 728 3992 5458 4312 1271 5165 1481 4650 3274 3562 3185 3028 2612 1090 1709 478 3773 4295 4437 2124 753 3636 1637 1438 5629 3179 2222 5165 2397 4293 3844 4391 3561 4098 5009 1824 3773 4796 910 4045 910 910 1657 981 4348 1184 5455 3807 4283 2397 1098 1480 4796 3594 4008 5048 785 2067 5025 4719 5502 728 3992 5455 2763 2124 953 4649 863 863 2375 3663 3024 1624 1709 478 3773 3066 2065 5381 5165 4520 2124 5010 3714 4850 2509 4498 5139 1818 1993 2340 4806 2222 4312 2930 3537 2397 4295 3913 5289 3576 1274 3596 3437 2068 5381 3918 5165 3422 1596 2417 2051 2234 5000 2326 2202 1055 1258 1388,2074 4692 838 505 1723 3014 871,3325 4039 1097 1783 2050 1491 4727 2967 1495 1350 1226 505 2074 4692 1723 873 2725 199 224 37 120 3509 3427 1972 1839 4520 5049 871 4692 2414 5331 544 1184 3361 5551 2050 1491 246 4250 994 4038 1096 2967 1494 1456 1812 1481 1686 1812 5385 5385 838 2074 4691 4692 3129 4742 873 4677 4455 1631 3081 246 3203 4669 505 2968 4417 1495 2387 3483 4433 3965 4766 944 5083 1360 3227 505 1871 1988 4738 1310,5345 1050 4823 2212 418 3598 3271 64,1803 4624 1006 4742 2813 3664 3336 1871 2212 2813 1980 2672 4016 5592 2083 216 1606 4407 2735 3271 187 325 2164 749 137 64 418 1758 2212 1642 4636 44 74 3452 3584 5267 4799 4526 3462 4638 958 3271 3737 1983 1871 1006 3920 2973 2212 3664 3354 4799 660 5424 3915 2355 3107 4480 749 4246 3903 3931 898 3335 4799 5266 4526 3462 5424 3779 1436 1659 3224 5238 64 240 4334 2918 916,1863 3422 4425 4408 5551 1229,443 3585 4614 3439 2065 2815 3585 4526 3691 2993 4613 1979 4526 3101 2536 2235 1312 2202 1870 4453 1869 4945 203 5279 2414 1312 3584 1979 4334 421 1312 4339 1326 1876 2670 4800 4613
14,2432 5115 784 1020 3227 2659 2593,3773 644 513 2432 4602 504 981 4670 4319 1776 1020 5352 3227 4238 2815 4796 1895 4450 1813 2593 2659 1020 5352 2815 3227 1895 4450 1813 644 4295 3820 4520 1182 4238 3799 3220 3227 1328 1259 1105 4479 3405 3160 4766 1859 2432 3639 2659 1350 3911 1029 3773 4319 910 4045,505 5505 4696 4274 3369 2693 5460,2313 3281 3066 2048 3395 3297 1977 2210 340 0 149 318 196 3317 3304 188 39 335 3129 2210 4701 521 0 405 339 63 1783 2693 5460 1016 3375 2141 4274 3368 3056 340 0 149 318 196 1977 2313 3281 3065 3395 3297 1840 5282 5506 1395 1414 3448 1229 5426 5194 3395 606 3297 4696 84 363 143 1448 4934 5570 4845 1616 3761 3369 0 405 339 63 1039 190 375 363 420 5517 2695 395 265 363 158 378 3281 363 253 38 63 342 419 2281 2004 4900 1768 5460 2692 521 3649 185,5658 1118 3542 4296 2933,4999 3874 1941 1890 4282 2254 4989 2300 3388 4436 5658 2489 5658 2053 1118 2933 1200 4296 4766 500 3542 4715 774 4974 3938 3394 3901 3543 4103 5454 3584 4436 3259 1350 3438 1930 4715 3676 3873 4282 2254 4725 1091 629 2438 2254 2172 3411 2057 1091 4736 5454 4660 4306 3056 1365 1350 4296 3113 3543 2057 774 4974 1930 4989 2300 1091 4076 3541 4766 1936 4864 600 3411 2057 4388 3938 3393 1091 4736 5454 4660 4306 4076 5074 1930 2655 4348 3619 3938 4766 1890 1930 4989 1383 4713 1091 1383 3054 1843 3063 5074 2172 3543 2452 3387 4736 5454 2057 1091 4303 1319 2202 1578 5658 2489 3641 5037 3584,4045 3512 5379 5641 1279 2385,443 3585 4614 3439 2065 2815 3585 4526 3691 2993 4613 1979 4526 3101 2536 2235 1312 2202 1870 4453 1869 4945 203 5279 2414 1312 3584 1979 4334 421 1312 4339 1326 1876 2670 4800 4613
15,2432 3334 4295 3351 4867 644 746 4796,1350 4045 2432 3911 3328 2659 645 3548 3048 1029 2889 644 513 2432 1090 663 2659 988 3227 2593 746 4245 1673 4602 3636 4670 4295 3733 880 3549 2659 3822 4602 3017 504 981 4670 2815 2156 925 3308 1195 746 1259 1955 4295 989 3820 4520 2432 4252 2931 4636 2356 1350 2432 1028 3773 4295 910 4045 645 3548 3048 3328 2888 5447 2746 3471 981 1078 645 4788 2203 1508 2911 3733 3328 2432 1776 1020 5352 3227 4238 2815 4796 1895 4450 1813 2593 2659,4876 3933 5505 1638 5318,5282 1184 4283 2281 4883 502 1138 1130 1069 3961 2001 1204 502 1138 1130 174 3129 3513 4881 2180 1783 5505 3512 2180 3646 1447 3418 4398 4876 3056 5450 5505 2821 3577 5149 3166 4569 5479 4107 2560 5037 4796 1240 5053 5494 4881 1290 1138 1131 1345 2930 5282 4091 1200 1009 5378 964 1184 1801 2380 1161 3056 3998 5505 2189 4883 502 2314 5105 4283 838 2313 3281 4883 1539 1422 4774 5028 5505 1481 1069 2950 4826 3217 2048 2562 2684 5282 2757 2209 5350 5425,3060 2726 1183 4593,3584 4679 3018 2078 5013 5496 4295 1044 3773 3322 4242 3060 3454 1998 3901 3209 4036 3584 3329 4911 1815 3584 4679 4593 2726 5013 2077 3224 3378 4036 4955 3849 2498 3034 2807 5023 3442 1799 896 1023 1038 5034 2560 5465 5334 1876 3322 1683 2766 3056 5187 2517 4366 998 5477 1930 4294 5335 1091 4076 4999 4348 3018 966 1044 3773 3208 2328 2665 430 1799 3086 1839 4056 2755 2175 2080 4594 536 3378 5159 4006 1022 4036 2193 3584 3209 1523 4224 4593 4662 1183 3380 5229 4214 4593 3224 3798 4679,3315 1039 5487 3163 2032 2925 3784,3129 5524 484 586 1475 1197 4601 3389 4734 5531 2156 3806 2717 3315 1057 2925 3784 2409 4601 3389 1039 5487 5531 2156 3806 2716 4378 586 1475 2988 5655 5524 483 2935 1374 4412 4637 3315 3807 3800 3784 1200 4766 1859 3389 1056 4647 3784 1222 3695 1725 3756 2192 545 5627 5115 3315 3531 4706 1871 4541 3957 2000 545 3391 3315 5381 5518 701 760
16,2432 3738 4045 4913 4936 3903 2933,1029 2304 4788 4162 3017 5402 4329 3177 981 5487 4388 2742 2480 2912 4855 1029 2304 2397 644 513 2432 3738 3773 4319 910 4045 4250 4853 3903 4913 2933 5386 4250 981 2933 4913 4756 3903 3415 4756 3903 3354 2933 2432 4049 1448 5386 3903 4247 4045 2432 3017 2963 4388 2742 2480 2912 4854 4329 1332 3903,2726 1276 5282 93 1069,2785 2646 4826 3403 1087 760 2108 93 3463 4706 3785 4023 2110 1648 5476 530 2119 851 877 3403 3172 4636 72 93 3403 1087 2588 5282 4734 2039 2483 2498 1315 2498 5282 3382 567 2930 2676 568 93 3403 1087 2930 510 2456 2933 1993 1843 2001 2264 2365 2000 5282 580 5258 451 3149 93 1087 5377 4439 2950 1350 1069 2930 1787 964,118 4766 3018 1839 385,2619 1839 4766 2820 5187 3693 661 4204 2262 692 4455 4924 3454 1998 4436 5228 1954 1969 530 3584 4636 401 3619 1839 4766 118 2619 1839 4766 2820 5187 3693 661 4204 2262 691 2796 1746 1151 4734 3619 1839 3018 4919 2735 55 263 97 272 290 353 218 141 1954 4677 4455 4638 4037 5367 3570 1181 5053 2595,1179 304 3636 2933 3369 2275 1823 5669 871,3619 2687 3129 2210 2646 1823 248 156 1518 4348 5089 3032 4629 4481 2686 2176 304 744 2701 2757 3369 248 156 4398 5474 1637 2600 3059 1823 244 565 5655 1518 4348 5089 3032 4629 4482 3129 4647 2210 2646 1823 3967 2466 703 4159 592 2725 389 372 2218 4373 2701 4154 5030 3636 5163 2447 5464 2687 744 2701 1863 2065 2443 593 838 5148 1772 1473 4773 594
17,4045 3471 5615 981 1029 2432,3207 3328 4385 645 2173 4294 2397 2726 4087 3227 2659 2593 852 5187 3220 4960 4298 4992 4295 910 4045 3207 1029 645 2173 513 2432 552 3020 3177 5615 981 4637 4134 2397 3911 3328 5224 1357 4665 4066 1650 952 5315 1185 1185 4901 733 3038 864 981 957 2372 3700 4854 5614 953 3444 4955 4641 4294 2400 3048 3328 2888 5447 2746 3471 981 1078 645 4788 2203 1508 2910 4045 2726 4087 3227 2659 2593 852 5187 3220 4960 4298 4991,4294 2104 3425 4229 2054 4363 3640,5487 1827 2122 4796 3729 3637 2054 4363 4294 5282 2834 1637 3729 4230 1813 3769 4636 5311 2104 4742 1326 1576 5262 454 1952 4476 4370 3526 5285 4663 1350 2054 4363 3200 2104 3729 2581 4306 5487 1827 3069 1115 4217 2990 4229 1762 2581 4306 4363 2584 1826 2888 4323 2117 4728 540 3359 4023 3038 4323 4568 4309 1089 4013 5311 4867 1998 4566 4660,5405 289 295 4317 4295,3619 1841 2226 5661 3950 3464 4179 4014 335 2990 5405 2226 289 295 4757 3924 5200 2344 4306 5411 4661 5053 4306 4502 5405 4567 4391 4294 4306 5123 4322 297 295 3658 1628 1431 4914 3543 1524 4447 4294 4323 2632 3257 1142 3950 2563 335 289 295 2628 797 3139 2226 3884 4064 2673 4016 9 186 1503 1277 305 3951 4965 3038 874 129 1146,5641 2424 4213 4137 1234 3050,3619 581 4867 4294 5552 3175 2785 4009 4601 4294 1976 5641 2424 4213 1096 2929 4089 3918 4939 1929 251 2424 1090 2612 2929 5551 3605 4294 1829 581 4867 4294 5552 3175 2785 4007 4720 3832 5381 4860 2052 3175 2612 2424 4057 1971 1776 1326 4960 4389 3664 4163 1692 1750 2235 4867 4389 5487 2271 4520 2424 2929 4089 3918 4294 4938 3528 3907 5447 1234 3050
18,4609 3738 1714 2395 1916 3548 4706 748,3355 3576 1388 994 3725 2423 479 4295 1923 1004 1258 3551 2192 4607 2541 1360 2227 2273 4867 3547 4624 4706 1720 3548 3214 2395 1097 4295 3737 3945 5369 5015 1029 3773 910 4045 5262 4586 2612 4429 3620 1719 2999 4295 1269 4177 5640 2652 5171 3301 2568 2726 3355 2273 3738 5474 5294 5110 748 4134 1718 574 2659 1360 4622 3805 4640 4203 5177 1894 4706 748 1388 994 3725 2423 479 4295 1923 1004 1258 3549 3696 3094 5110 748 2326 1916 3633 1904 4295 1119 5294 5119 5158 2741 1355 5298 2804 5166 5311 148 57,1555 1549 1672 1290 2376,505 1783 4444 4414 2510 710 2023 4154 1807 4294 2689 4520 1549 2877 1806 3619 2684 4295 747 4169 2140 5437 3964 505 4154 4175 4414 2510 1776 4876 4225 4295 4531 4294 3613 4520 1555 3604 4520 2544 2952 2052 1290 2376 1549 1776 2725 1732 3403 3617 505 4126 4220 3339 3369 2376 3363 1723 4604 5030 1290 505 5385 3649 3368,2726 3894 1084 1350 732 2622 1839,2452 20 346 3926 2933 1200 3855 4842 1485 2726 3894 2281 4117 2622 1839 3751 1085 1350 4636 25 2035 4275 2933 1200 2452 20 346 3926 3855 4842 1482 5655 2202 3926 1501 4842 1483 4867 3958 5008 3894 3359 3573 3449 2930 1129 3873 3855 3995 4117 4826 259 1776 1350 3811 2202 960,5360 4766 1859 1641 2313 2076,3320 5142 5655 3467 4011 2392 517 1645 2209 3320 2134 2313 2076 4660 1641 2843 4541 4641 1869 4759 4385 1901 2076 3234 770 4847 4884 4611 1954 1869 1641 1039 2071 3029 4782 3635 4781 4306 2283 2076 1641 3635 5359 3320 4011 2392 517 1646 2708 1005 5487 3722 4897 4176 5415 2076 5142 5655 3467 3894 4541 4766 3173 4439
19,972 1029 4045 3738 3265 2231 503,1251 4867 3546 917 5592 3522 3182 981 3360 957 3027 1251 1125 972 4867 954 3265 2861 3566 2231 4645 4606 4180 3737 3945 1029 3773 910 4045 4313 5262 4587 3735 1348 492 3183 981 3360 957 3028 2170 4528 1695 3164 3566 917 952 2735 5315 5224 4840 2230 4832 820 5232 2985 2230 3708 5592 3220 3300 1433 503 3163 1681 4796 3006 5308 5634 3220 2231 4319 5221 4294 3785 1443 2529 3623 4955 953 1876 3163 1681 4769 3129 5634 3056 1626 4636 2356 2529 3220 4727 4295 1814 4854 4196 1895 4463 1684 4741 3785 1096 923 1187 1876 2231 4319 1090 2612 3707 1481 2052 4764 3134 913 4087 4100 3708,4141 3481 3933 5456,4889 761 2112 1481 1514 4449 3232 2034 2190 2380 5460 1487 1395 1406 1396 623 4142 3481 760 5282 4636 71 1776 1184 1801 760 5282 5606 4851 4720 5167 940 1795 3049 951 1066 4780 631 505 1481 4883 2603 1002 5456 2933 5282 922 3338 4788 3997 917 3297 738 5605 623 1978 4283 5381 1539 3395 3297 2830 1776 5460 1487 5282 4186 1572 2033 4154 2048 4044 2646 4388 3227 3786 2380 1727 2000,902 1079 2581 4306 4117 1839,5221 3584 3619 4679 4295 2584 1740 1839 932 903 3253 2581 4306 4679 1079 4117 1839 3410 4117 1895 953 1744 1229 931 789 3584 3542 3855 1839 2584 3584 1740 1839 814 4679 2584 1840 3855 3409 92 128 3584 2584 5189 1844 4679 3454 1998 1048 5381 1839 2766 2937 5381 1839 92 128 3423 2470 1400 4329 2937 1044 4200 3055 3421 4029 2716 3836 1828 4468 1648 1839 4627 3385 1377 2992 3437 3002 3409 733 5450 2581 4306 3573 4117 1841 5584 902 4822 1839 4117 1842 3826 785 4892 2002 1776 4312 1841 3409 902 2465 607,4294 5282 3715 1069 435,3155 2933 3200 2112 3715 3224 1514 1670 4426 2725 3715 3692 3409 435 3056 3584 3069 955 2725 2112 3175 1459 3169 991 3201 2933 4063 4206 514 2299 2933 5282 2298 4572 2933 1619 4295 591 712 4784 706 2376 2571 1882 1063 3074 1244 1321 2646 5282 5183 3651 3581 3786 5282 3849 3342 1871 868 774 1132 3957 2455 1879 2380 1481 1069 2929 2948 1998 3786 4665 2948 5655
20,892 3371 1838 511 2608 2637 3450 3241,1011 1295 4351 513 628 3872 3241 893 1838 511 2608 2638 4641 3798 478 1245 511 2347 981 2038 4821 4228 3032 2833 587 1268 5021 5614 4908 5170 1389 4854 1712 892 2921 735 2637 3269 3187 4248 981 5582 3402 1244 1903 2650 1792 1794 981 4388 1260 4854 1900 3227 5166 5262 4591 2742 5295 3549 4351 4116 1975 777 1244 949 2192 1900 3228 4406 1365 1389 5295 705 1008 1716 892 4437 2623,2017 1481 1846 2929 5282,443 3585 4614 3439 2065 2815 3585 4526 3691 2993 4613 1979 4526 3101 2536 2235 1312 2202 1870 4453 1869 4945 203 5279 2414 1312 3584 1979 4334 421 1312 4339 1326 1876 2670 4800 4613,2726 4348 1100 4294 436,1985 3120 1527 3924 4225 3576 3619 4623 2235 5221 1221 1986 464 704 4253 2726 4348 712 4294 5645 1217 2560 1715 788 422 3374 4225 3867 2584 4306 1038 2560 4146 5641 1545 1744 2584 4306 1987 3220 5072 602 1930 2235 3056 871 2710 5037 3989 1476 5282 5143 4206 3082 4894 5039 704 262 2584 4306 4062 966 532 4354 2029 1444 5357 2029 404 35 4327 2584 4643 4999 966 1428 2503 1 4762 1311 2921 4582 3309 4360 4705 3900 1892 5368 5482 2148 1623 115 3129 4706 1379 4348 1100 704 5384 5644 5221 3325 2560 1516 4424 4126 4037 871 2029 317 381 1744 2584 1482 3818 927 5455,2726 4348 3619 5282 4734 4296,4224 2107 1935 1619 4319 948 1532 1330 803 2104 4660 4224 5282 1066 2731 1930 1827 2397 4766 2380 2725 1330 4378 4647 4638 4334 3135 2560 1715 5282 2450 4889 4528 2380 1330 4658 4955 4713 3790 1377 4348 3619 2048 966 5254 4917 3804 1281 833 2676 964 658 1954 3136 4023 3038 4323 2117 4728 1200 4363 5487 1827 1619 4319 4766 5370 3200 5282 3029 4363 4901 2048 3729 2581 4306
21,3370 3036 2869 1029 4045 2432 2218,3797 3773 4319 1443 3370 3036 2869 1029 2397 4295 910 4045 645 2173 513 2432 2218 4973 4686 3227 3479 2740 733 2172 3105 981 2849 957 3904 4484 3691 1504 2015 2154 4000 5176 3773 3911 3056 1029 3696 3759 2306 1448 5011 1324 1029 3773 1350 2397 4295 644 3911 3328 2304 4045 2432 3017 1876 2985 2743 2909 4418 4604 1345 2985 5414 5617 4134 4945 643 4641 3773 4250 3911 3056 1029 2930,516 3625 1338 2986 932 3860,443 3585 4614 3439 2065 2815 3585 4526 3691 2993 4613 1979 4526 3101 2536 2235 1312 2202 1870 4453 1869 4945 203 5279 2414 1312 3584 1979 4334 421 1312 4339 1326 1876 2670 4800 4613,2676 2219 2726 4348 4545 1736 5658,876 3584 2977 3227 1489 1612 5658 2726 4348 4545 1736 3584 1220 3220 2245 5637 4671 1812 459 1737 4706 4348 4545 1736 3612 3142 4671 3701 850 1918 2279 2293 1051 2350 723 1800 1797 2017 870 4415 3720 4415 1544 4050 3505 1244 728 4519 1180 1609 2049 5318 2934 488 2997 4326 2474 2498 3815 5467 2279 672 1042 2061 3067 3565 5494 2284 1303 4019 3183 981 850 1918 2279 1888 4295 1743 1919 1489 1610 2779 3812 3069 4799 3396 4677 4455,4766 1863 1324 1109 5282 1617 1556,4294 3961 2112 2990 797 3256 4758 5656 505 4125 4219 2726 1324 1109 5408 841 5282 1556 3576 2725 1617 1556 5430 5315 46 5282 3692 5655 4636 1869 323 4294 3961 2990 5282 3256 4758 5655 2380 3212 3139 841 1093 2646 1355 5282 1524 3989 4596 2933 841 5282 3576 962 3051 2763 5450 4363 3961 2990 841 1556 2764 699 459 5282 3403 3327 1482 2011 3926 684 3579 5311 2764 740 4128
22,2992 3585 4613,443 3585 4614 3439 2065 2815 3585 4526 3691 2993 4613 1979 4526 3101 2536 2235 1312 2202 1870 4453 1869 4945 203 5279 2414 1312 3584 1979 4334 421 1312 4339 1326 1876 2670 4800 4613,704 4398 5542 5001 4375 1185 871,494 4144 3598 98 2626 704 4495 4334 365 192 1087 871 3689 1922 4364 4343 5542 5001 494 1355 1185 907 5542 4374 1449 5633 459 1129 3849 1980 2404 4375 5137 1875 704 3849 1980 5219 2281 4104 932 5543 192 4144 98 2626 4495 4334 364 5418 3393 198 4664 3789 2768 624 3341 4476 1438 900 4623 1129 1776 2941 5542 1478 4783 5137 1875 2827 4488 1824,5658 5086 358 3524 1054,1896 1319 4334 3230 3523 4294 3583 2811 5087 1054 4334 358 3496 3797 2556 4943 2164 1548 1736 4942 137 3523 1053 3325 2560 359 540 1736 5658 3325 2560 3694 4742 360 359 3244 981 876 4742 1448 4203 4260 4473 4203 3958 455 5658 5066 4742 2551 3575 2933 1326 4641 3797 2557 567 4290 2811 708 358 2556 3203 3742 2155 5538,5085 1600 2921 1537 4154 4663 2679,1600 1863 4294 4937 2921 1537 4912 4154 4252 2932 4663 1788 2679 1776 1649 1077 729 1649 1077 5235 1751 2919 5085 5502 2940 3220 1536 820 4949 2596 1610 1253 3056 2664 729 5655
23,4045 1028 929 1857 1295 1350,4734 5225 1029 3064 1182 5344 3864 5342 2287 912 2984 2304 552 1029 3773 910 4045 929 1857 1182 4294 4192 2552 4665 1649 1350 1029 3017 1998 1045 2027 3399 761 4063 4087 4829 4796 4734 5225 1029 4312 4238 5344 3863 5342 2287 912 2985 2867 458 3080 4641 2304 4589 3403 3017 1998 1045 2027 3399 761 4063 4087 4194 4520 3773 4295 5369 733 3795 1350 1776 2746 1028 1857 1182 4192 4805 1576 1231 1855 1297 2027 4192 3018 1250 2861 4528 5206 5592 3421 3741 3130 1914 5165 3719 3996 1231 4734 3860 3554 2729 5344 912 2985 5342 2288 2766 929 1857 1182 3864 3082 2167 5647 3056 4348 3132 1297 4134 5186 949 2272 3079 534 4358 2985 1046 3864 1350 3055 5060 3424 3269 1182 2867 562 513 5435 1857 1295 3081 1752 4585 1370 2751 1086 3325 3674 1098 5539 1258 5166 4135,2726 2935 2114 1821 3143,2402 3517 2172 2937 1715 4733 2112 2450 1330 804 4599 2807 484 2102 1974 2801 4294 5263 3119 2363 3784 1821 3143 2959 3738 3559 1841 5282 2848 2266 2380 3798 484 3034 2936 5487 2937 4766 5282 949 4706 4348 2054 3200 2380 4734 2450 3082 5044 2937 1330 561 2528 2937 3806 4107 3836 4766 1993 2727 452 4547 964 550 514 5264 4707 513 2282 5381 502 4766 2498 2168 465 4906 4376 5371 1963 1239 5381 505 513 3373 3214 4733 5037 5282 910 2524 3082 2548 546 4551 1781 3619 4444 4731 3041 1604 5373 2690 2665 656 5006 2718 3422 4011 5655,5592 4296 1671 180 3542 2130 4534,4534 2130 750 424 3542 3570 4076 4952 3949 4979 4296 1936 180 3542 4534 2130 750 4514 3254 4294 2490 4989 2129 275 3866 214 139 2490 3584 1967 4534 21 3924 180 3109 4974 2130 3950 424 1930 4296 21 1098 1044 1356 3579 750 1196 3254 1998 4348 3619 4989 4534 2766 3584 3542 2626 2130 2202 424 3570 4076 1542 4534 275 3619 5301 4266 4941 2130 2202 1984 3224 500 2490 825 1619 2659 4351 4341 1581 2296,1827 246 5198 3104 5305,4623 2107 4033 2260 3846 5251 3203 1759 1350 2202 246 1087 5382 2725 4033 2260 4350 611 1184 4283 4611 4889 5282 1619 3401 2813 4858 5139 2853 3894 5063 3611 4310 4595 4345 3425 4229 3989 246 2834 4033 2260 3651 481 2784 4118 5251 2811 1653 4385 702 1185 3303 5619 5284 3104 1615 4528 4637 2202 246 1107 3743 4668 3409 3986 5251 2713 3910 41 246 1776 2202 5385 2332 3612 729 1871 2546
24,3628 552 2930 4353 4295,443 3585 4614 3439 2065 2815 3585 4526 3691 2993 4613 1979 4526 3101 2536 2235 1312 2202 1870 4453 1869 4945 203 5279 2414 1312 3584 1979 4334 421 1312 4339 1326 1876 2670 4800 4613,5575 4127 3991 3150 4206 485,4717 1328 459 3619 530 2112 4665 1219 5575 4127 2471 1530 3947 3150 4385 2173 1397 791 485 3653 4677 4455 385 791 4554 3169 5282 3246 4444 4778 4127 3190 4385 5042 791 1776 2785 2646 1596 2173 3651 2380 1024 5008 4036 4127 4154 875 5282 2779 3604 1481 3150 793 2599 3961 5282 485 4588 1482 4870 2380 1069 3961 1350 4588 3635 1482,165 1087 1922 4364 4340 3085,2202 3520 1087 1922 4364 4340 5299 4775 4799 1919 1087 1922 4364 4340 3085 2933 1210 3129 3655 2893 2049 3258 3686 1922 4364 2526 1922 4364 4340 5115 1905 4787 3810 3896 3476 2560 4784 3084 1922 4364 165 3035 1969 2049 3478 2207 876 4550 4883 5631 498 850 4679 3584 3263 5639 2202 4134 4137 4294 3760 4416 4036 1604 4730 4574,5282 3651 3570 2584,2785 2646 2054 4363 2933 3200 1532 4661 4301 3570 3651 5282 514 4461 4217 3928 3056 1365 3563 3961 5655 1202 3527 5282 3961 4641 3798 2589 2340 4294 5263 3462 4570 2052 2054 4363 2785 2646 3527 3809 3222 4302 2933 3200 943 5282 4155 1533 1993 5104 2251 4361 3413 5259 4057 4671 2445 3730 4269 1183 4283 5282 1977 1963 4760 513 3373
25,1462 1790 2980 2975 5120 5495 2799,5553 1264 3917 5122 1853 875 2919 3903 3910 3328 525 2188 5553 910 1790 2281 1718 3181 2560 1292 3775 2027 5120 994 1326 1929 3549 2809 1854 2027 1776 3121 3363 5224 1046 1546 657 1624 1443 1241 4610 1177 3750 966 1854 3921 5447 1790 875 3903 981 1033 4404 524 1462 2799 1776 3095 1790 3738 3498 4783 1839 4377 1360 2612 5370 1255 1782 5385 5502 5237 5455 1328 4656 1448 5554 3123 1362 1349 3773 5120 3372 3628 1264 3917 1269 2397 5638 4982 612 4611 2860 4638 2746 2188 910 1790 5330 1290 3071 5610 4392 786 4134 3391 2356 3655 3773 2845 2747 3426 574 1252 2721 4331,1225 5190 2933 4229 2054 4363,1449 5092 695 485 3924 4400 2785 2646 1770 4875 2054 4363 3924 684 2104 2028 4870 3729 2581 1482 4901 3007 1225 3425 4229 3029 4842 3669 4660 2581 1484 4298 3924 3434 485 5512 3290 2676 964 659 1556 2596 5643 3359 4023 3224 4688 3640 2122 4391 1225 3102 3351 5370 2104 4552 5282 3598 246 8 4817 538 4641 5405 684 2104 5074 3434 5072 2054 4363 4901 3007 2028 4870 3926 2581 684,4534 3406 5145 5452 2726 5381 3449 2933,4534 3615 5381 3449 4706 3406 4538 5301 1841 3885 214 151 3911 3123 1118 4296 5385 3576 3449 3403 3542 3449 702 1366 1264 3675 3091 3872 5224 5459 4734 3449 3175 4534 5385 3576 4296 3448 2622 5200 3403 3124 3582 3584 5385 3576 3449 870 2930 4534 2945 2547 5487 3124 5385 3406 5500 2941 5602 1841 3884 3646 2560 4146 599 1178 1195 750 3584 5385 3448 180 4070 4534 320 3190 3752 2487 426 3124 5385 3675 3449 2933 4306 3403 5132 4842 4306 5385 3675 3124 3224 4734 3584 961 3618 1941 2929 3449 4579 3873 3124 3190 3752 4294 2452 5602 1750 1942 4566 1930 2312 4023 2929 3715 693 5430 2649 3203 5225 3123 3449 3069 1933 3124,3034 2811 4063 3337 1394 2645 711,2785 2646 4926 2180 761 2112 2804 4748 3731 3925 4206 2074 4548 850 500 4063 3337 2339 2186 1394 2645 711 2750 3184 5090 4206 3463 4677 4455 4385 3533 2785 2646 4548 4652 1398 2699 1712 4116 3942 3595 4846 3646 1415 2651 4520 4206 4385 3675 3457 3953 2930 5283 4206 3034 2811 4063 2186 1716 5282 5246 4554 1664 4502 4389 2875 3903 4439 2708 4548
26,2167 3456 1469 4045 3903 3864,1295 3863 2287 3082 2167 1776 3456 3195 1469 4294 3773 910 4045 3903 4192 4245 1850 2913 5022 4093 2666 4642 1312 5401 1195 1506 3469 981 4388 4836 2870 1660 3670 3863 4837 1647 4154 2167 2017 981 3470 1029 910 4045 1857 1296 1029 3470 981 4680 2956 2627 2992 1546 3195 1469 3195 4169 3742 3773 1954 3871 4248 3502 3092 3963 5025 3218 1998 1044 1182 3864 2612 3377 1330 1229,4206 1411 5107 2722 4572 4233 1243,5436 4770 3268 4250 3496 1624 2745 3435 4880 5436 4770 1411 5107 4972 2721 4572 4233 5282 1243 4636 108 1776 5385 4064 3942 3748 4206 4554 1716 4733 3561 1638 4063 5037 5451 2380 1411 5107 4770 1779 3942 3023 3942 3337 1243 3692 3708 5588 2344 5298 350 101 1070 4826 206 4063 4860 1686 2498 3391 4125 2217 4325 1162,2663 4766 1676 1574 1487,5487 1674 1574 1487 4734 4785 444 680 2562 1091 5035 2659 4766 1676 1512 1574 2794 5376 4514 931 1984 680 3911 3598 40 81 1512 1574 4766 3619 1350 4728 2950 2766 2172 5149 2145 3855 1512 1574 4240 5658 1574 5074 4436 89 66 5487 1674 1350 4728 2950 1091 4436 5658 1574 89 66 1954 5487 3584 4436 89 66 1355 1674 3855 1091 4076 2172 1674 1705 4298 4076 3224 1984 4011 3155 535 2970 1326 3584 2622 1937 3106 3359 1350 1350,4025 1833 739 4665 4930 4896,1976 4283 3973 2339 2048 2560 1029 1877 4766 1614 2776 581 4295 1833 739 4501 959 3960 1037 5655 4930 4896 3983 1478 1200 4909 4641 1430 4930 1963 563 3687 505 2280 2136 3687 2475 739 4064 4930 4896 4883 2112 5487 4634 1821 4318 4272 553 2560 1029 1877 2862 5112 1615 4024 2949 3731 1319 3894 4438 3886 5040
27,3370 4045 2432 3936 3020 4712 981,3769 4173 3328 2304 4665 1350 2397 3022 5442 4295 644 910 4045 513 2432 3936 3020 4712 981 3227 4796 1776 1624 3797 4294 2397 1443 3370 3496 3268 4173 3328 4665 2659 4827 1350 3936 3020 3432 1365 1029 2893 1446 4134 3902 3366 1350 2397 4295 644 3911 3328 2304 4045 2432 3017 1876 2985 2743 2909 4418 4604 1345 2985 5414 5617,1140 1532 5282 1487 3069 2866,4727 4766 1859 5509 5282 542 1294 1550 1112 5282 1487 5549 5245 1863 5325 2380 3069 5270 4154 505 4861 4452 4268 1850 5325 4396 3169 1294 1611 4766 2678 5451 3619 2340 1786 1140 5282 542 1294 1550 4859 1487 4552 2074 2462 5092 1118 1360 5282 4852 4206 2313 2171 4572 4901 5510 4281 4700 3953 5282 1487 1487,4560 1702 4599 4398 4564 5323,2163 1798 5376 5153 5669 974 4564 5321 4599 4010 5320 4624 4287 1799 4571 1765 3348 2390 2814 4561 3041 4448 2596 3728 4889 2929 5282 2904 5320 2444 3880 5646 2281 3829 3821 5321 974 2944 2861 2646 4876 4783 4158 928 1299 2294 4053 4561 5321 878 1355 4901 4528 3735 4599 1799 5322 4766 3900 3547 3586 2647 3990 5218 3075 1703 4053 3279 4560 747 2025 4502 4569 3325 1373 1227 4561 3780 2440 2646 3445 2550 2873 854 4367 2293 2372 853 4560 4512 5455 3568 4267 4525 785 2800 2560 4876 1464 4841 797 1464 858 1654 1247 3049 3175 1588 3146 2009 2294 4471 4681 5400 4472 2818 2281 5183 4766 5512 4059 2946 5321 1627 4373 5310 3830 5059 2178 1967 5309 3215 3493 4562 5662 4373 1665 3399 2237 3196 4562 1980 2265 1061 3577 2324 5009 1060 2267 2790 764 4557 1708 3279 4560 5381 797 1060 3861 1980 1440 1060 3576 4561 3231 2009 870 1440 3569 1980 1026 5319 4534 1025 3216 797 3490 3279 4562 3726 2294 2325 2297 2942 3032 3054 2293 4682 4560 3691 3403 4876 4561 4542 2720 2297 795 5522 4733 2278 1341 2656 4561 4620 1553 1665 3400 4098 3399 5321 3691 1068 4553 3032 3333 3399 1665 3399 1553 2720 3364 796 3475 4311 4877 3285 5099 2786 5191 2025 4901 3475 2446 3364 2370 4569 772 3536 2025 2870 1745 1102 3703 2790 2025 1109 5130 5134 2419 4563 5381 5321 5135 650 2025 2656 906 5376 491 772 4123 3691 4876 1632 3567 5059 2045 1722 491 5319 3318 4534 775 493 4513 4534 5319 2960 4831,4846 4206 2494 5396 5142 4184,2387 2776 581 4741 3168 729 3835 917 1602 2494 5396 5502 5100 2894 5216 3391 4909 4742 3759 4683 2101 1511 917 3091 729 1600 1963 4630 4501 4184 2494 2500 1812 4754 1374 4487 4683 2100 4134 3391 2356 5396 1253 2933 1200 3862 2056 3204 1590 729 1600 4104 3283 5396 4206 5282 846 1747 5130 5338 1755 1893
28,4066 4827 2304 2812 1029 4045 2432,3769 4173 3328 4665 1350 2397 3022 5443 2304 2812 1029 3773 4295 644 910 4045 513 2432 2834 1328 1029 2397 3056 3960 1350 3856 4202 1090 694 4385 645 2173 3872 3824 3854 2659 1328 4173 3328 1460 4620 4066 1290 4087 1313 4391 4854 5579 1543 2765 1776 1031 4245 4294 3773 3735 3444 2815 4788 4398 4371 5452 3932 4063 2765 2281 1462 496 4063 3512 1539 1539 2792 1350 2397 4295 644 3911 3328 2304 4045 2432 3017 1876 2985 2743 2909 4418 4604 1345 2985 5414 5617,4296 3751 5282 964 2693 2186 1041,443 3585 4614 3439 2065 2815 3585 4526 3691 2993 4613 1979 4526 3101 2536 2235 1312 2202 1870 4453 1869 4945 203 5279 2414 1312 3584 1979 4334 421 1312 4339 1326 1876 2670 4800 4613,2726 4348 3619 4734 1943 5282,4576 1275 4182 1199 883 4766 2397 5487 1629 1940 5474 2930 4660 4999 5282 5088 4799 1946 819 3849 4078 3386 4241 1871 2107 4577 1954 819 1954 5282 2227 5343 4576 5086 1629 4799 4334 1038 2560 4783 3200 707 1275 4182 4334 5034 2112 1199 883 4241 4062 1710 4544 1342 5499 1197 2681 3933 1954 5282 5086 4338 1319 4290 5221 819 3667 3119 2658 5053 1778 3710 3731 2974 2551 2764 1771 463 4539 3708 1937,2726 5381 5282 841 2807 3028 2111 4870,443 3585 4614 3439 2065 2815 3585 4526 3691 2993 4613 1979 4526 3101 2536 2235 1312 2202 1870 4453 1869 4945 203 5279 2414 1312 3584 1979 4334 421 1312 4339 1326 1876 2670 4800 4613
29,4045 2432 3512 2791 2933 1200 2775 4796,4294 2397 3507 1619 644 4865 5093 3269 1182 4687 1259 3220 1597 3716 4295 910 4045 645 2173 513 2432 3328 2304 3512 2791 2933 1200 2775 4803 2397 3220 1029 2432 2035 3715 4766 5380 5016 645 2397 3091 4610 5385 3512 4296 1598 3715 1598 3715 3220 2432 4788 643 1269 3514 1599 4865 5093 4048 2659 4011 1029 3773 4295 644 910 4045 513 2432,3589 3045 2865 4945 1865 4444 558,2011 5020 4444 1481 3694 1954 3361 1073 3588 2292 3045 2865 4945 439 1965 1107 855 578 2291 1780 4074 1865 3526 4444 2514 3250 1064 3589 2835 4391 719 578 2291 3091 3528 558 889 2864 3804 1567 1694 3660 2011 5020 4444 1481 3694 1954 3361 1071 3591 2599 3595 1567 2864 3074 3590 3045 4945 1079 1802 5053 1482 2203 2039 578 2285 1780 4075 3763 4832 2865 2029 3950 4444 3986 3782 4015 1779 459 3586 4380 4927 3952 1992 5393 5282,902 1833 5169 3352 2144,3163 4204 1839 4766 720 886 4032 5632 3584 4883 2446 2728 5551 2144 4540 5315 4637 4640 2180 904 4204 4766 2144 720 1926 4689 1842 4732 3116 2446 5099 1842 3422 1596 3847 4030 5632 1928 5551 3960 1350 3911 3665 820 585 5362 585 2623 2798 817 910 2492 1087 847 1839 1742 902 3953 886 2811 3187 4294 5553 1833 5169,2726 3422 2114 1821 1188,1225 2002 3960 5419 1013 2114 1821 1188 2937 5381 1533 5282 3423 715 4136 4206 744 4469 1976 1184 4283 4132 2473 3842 5381 1533 506 502 1594 1532 3843 1186 2151 1600 2057 5381 2187 3423 1791 2158 3395 5255 5381 505 1326 1594 2315 640 540 1603 2057 3423 3083 2177 5242 215 85 150 136 31 375 121 230 285 241 249 242 5655 1304 5282 1916 5650 2726 4255 4206 523 2334 5112 2114 1328 4765 3887 1821 1188 4205 1016 5381 547 5282 529 5381 1533 4444 4258 2700 3576 1640 4765 5381 505 1533 4444 4283 4954 2371 1128 3576 3800 2716 3369 327 5282 1783 4271 2281 4883
30,3184 2551 4295 1734 1899 4329 5122 4989,4295 805 1733 809 4329 4989 5120 4647 4147 3476 4827 3787 1443 2529 3696 4245 1850 3184 2551 4134 2093 4171 4706 3051 4294 4793 807 1733 1899 4329 5122 4989 5669 3184 2551 4352 3051 4788 5120 3476 4647 3660 1443 2529 227 1350 3184 2551 4352 3051 4788 5120 3476 4647 3660 4641 1443 2529 4921 2017 2733 4989 1850 4245 1860 4558 5120 5204 4248 802 4353 4295 1350 3051 808 3227 5640 5279 2414 4294 2202 679 3548 1370 4065 4465 4825 4517 5120 4171 4706 4294 4989 1734 809,2158 1600 2441 2965 4154 4552 4531 5492,2417 4224 5596 4870 966 2158 5282 3369 1758 1546 813 2442 1182 647 1487 617 2965 3129 5271 4706 2441 3948 2409 5282 3369 1209 966 5487 2158 530 5054 5526 627 2380 5512 3290 4541 4749 3368 2042 673 2369 1392 2962 5109 3320 3869 2965 5161 3948 897 540 4224 4023 3220 5101 5492 4552 4531 5221 1214 3056 4824 2158 4847 2611 2965 4753 2281 5596 2726 3267 2441 3358 1478 4051 4380 2863 2477 2615 2158,1733 180 5207 1326 1183 4491 1909 4978,1697 182 1350 21 3844 5146 1697 4016 4756 180 1778 4394 2507 4491 3584 2596 3679 3036 4248 2504 3450 1965 3950 5305 1442 846 1205 2612 2202 1758 2145 2994 2930 2626 21 841 4520 4248 3021 4975 2202 3745 2355 5200 1871 3441 2719 4016 1113 3734 2672 3677 5616 3915 3954 3206 2656 4020 3903 1697 497 1881 625 1700 491 3205 3584 990 571 3691 3950 5188 955 4995 3525 2554 5637 4250 1698 180 2239 4063 4016 2790 3960 2790 491 4663 491 671 2202 3690 5202 955 907 4756 2626 3210 3918 1700 491 733 4497 5445 837 1366 2549 2932 5146 1697 4534 3816 731 1363 3672 2967 4788 3584 3656 4633 4237 2202 2924 3593 1505 5038 689 5200 180 423 4752 4348 3619 4534 2596 4107 3970 1007 2417 1320 5434 3842 1623 115 2902 1152 1430 5271 3673 2581 1482 2420 1995 3909 3359 5000 1982 4237 810 4679 4329 1288 4492 1288 5207 1326 539 2202 56 11 4669 1498 5017 3576 1523 2246 1954 3584 1980 3553 5404 3433 968 956 3041 5637 1809 3841 5207 1326 4799 5086 679 1891 2502 3321 5529 505 5108 5275 2256 1189 1721 4384 745 1863 2612 5207 1326 3487 1361 4796 1587 460 2202 3788 2397 2612 4514 603 3673 2431 3584 4546 3615 1886 2017 1326 2017 3007 4578 111 2932 3215 5493 2202 4026 5347 3615 3573 1965 4391 5207 1326 5369 1044 3773 4870 1152 3966 3080 2179 2044 4223 3450 4832 2895 1772 3362 1326 2146 361 4528 4241 2752 738 4672 2417 1326 847 4290 3576 3708 1629 2556 2826 5025 1258 3134 3045 3742 2155 5538 358 3183 2823 4976 3894 4638 3041 3345 5389 1769 870 4149 3494 4579 3056 4434 4638 4414 5453 5389 4435 733 4214 1064 708 3647 2180 358 2735 4718 2998 4290 918 2556 1629 183 234 1426 384 289 247 3619 4436 3816 2055 1937 4566 3640 2616 4241 4516 5295 5068 1064 1432 3584 1871 2896 4063 2441 4337 4484 3276 1547 2525 1169 736 4380 1937 3058 3263 4248 3860 5597 2556 561 4276 1547 5086 3345 2247 1090 2612 4638 5086 4434 2081 4534 3175 4528 5597 358 4001 4520 4313 1523 4638 3584 4434 1589 358 3058 1069 3422 2247 708 4064 2540 1655 1326 1547 4138 750 2556 5073 602 1319 225 1579 602 4241 1091 3570 4076 704 3931 1355 2235 1743 1367 181 3950 4016 303 4743 4834 2343 2969 5486 1804 4385 3566 3781 3408 3408 2412 4363 3204 4016 303 4534 3646 1965 3950 5485 4466 5091 677 23 2968 2202 2777 3311 5333 4199 5318 5166 3855 3598 4432 5585 5486 1449 4248 4835 2861 2626 180 1734 3924 2129 1163 1375 3431 4484 2202 613 3946 1733 3936 3923 4534 3468 1087 2992 178 1849 1481 1877 5604 4476 1871 303 2969 2777 3312 4872 2130 831 5562 2737 2202 3403 2811 3924 4534 4796 4786 2967 2777 4353 5557 4870 3960 556 750 5260 5433 3764 1619 5085 5556 3580 4534 161 5653 2417 1326 3576 5034 2414 2129 5447 2559 4702 5562 4090 4955 3705 1090 3103 4869 4087 4667 4391 124 3950 5181 5558 4978 2713 4798 5562 2968 161 441 2777 4353 1960 4403 2259 841 3950 3189 4796 4534 530 2207 1734 1681 4874 4215 4593 1993 573 5295 1430 2702 794 2028 1604 1662 2967 2202 5118 4353 5085 5055 3029 4813 4086 4977 1173 2735 3903 1326 4709 4085 4947 3003 124,5142 752 505 5110 2653 5527 1863 695 1471,751 1027 4950 917 4385 4884 2491 5528 752 505 5110 2653 5527 5142 959 2427 4636 1133 237 505 3576 695 4283 4444 1471 637 5527 5172 2425 5230 2262 484 1533 1974 4064 3597 5394 3868 5224 3659 754 2104 5527 3848 1200 4570 5282 5462 1555 2406 4444 505 1027 917 4884 2491 5527
31,3370 4670 2659 2593 3882 1925,2304 4867 4170 4670 4796 4955 2742 2481 1925 4295 644 3766 2016 3882 1259 1776 1624 3797 3773 1443 3370 2194 4011 2304 3328 4520 4245 4502 1850 4170 4686 3227 2281 4814 2964 4788 1230 1024 1475 3155 4766 4687 1259 4295 644 3122 856 3980 5300 1360 3500 3759 2304 4245 2019 3882 1850 4502 1330 2715 1539 1539 1448 3094 1350 2397 4295 644 3911 3328 2304 4045 2432 3017 1876 2985 2743 2909 4418 4604 1345 2985 5414 5617 657 3930 5441 1421 2397 3937,4999 5282 4444 841 2527,2527 3901 1326 2172 3989 3093 2527 382 3456 4224 4348 3619 5282 4444 445 5039 2397 4734 5393 5282 3612 2380 4576 5392 2676 964 659 4999 966 2048 3325 1842 3827 1199 4811 2561 632 2373 4234 1418 1819 1419 5001 4069 1160 4444 948 1839 3801 1328 5034 2560 1715 4294 4444 1835 3557 4308 4643 1377 3612 3198 5608 1272 5147 5130 5381 1472 1350 5655 2527 382 851 4427 4064 4945 1341 2656 3451 3717 2104 2691 5282 4444 5551 3518 3918 4436 2527 382 3586 4534 3406 331 2212 1109 1937 4915 5282 1524 1506 3296 2059 1327 2567 3112 5282 615 2047 2527 3093 3106 837 4782 4869 2622,4045 2676 5599 2726 1183 4955 902,443 3585 4614 3439 2065 2815 3585 4526 3691 2993 4613 1979 4526 3101 2536 2235 1312 2202 1870 4453 1869 4945 203 5279 2414 1312 3584 1979 4334 421 1312 4339 1326 1876 2670 4800 4613,3129 3056 2009 5290 4408 1839 3801,1679 4408 3619 4940 5551 1069 567 1203 144 3129 4226 871 552 4940 4408 4647 4281 3692 4455 5078 2009 1839 3803 871 3888 5324 5388 5577 2785 1381 731 3785 3786 1679 985 4408 1839 3801 1727 567 5388 1324 1110 1839 3801 4348 5187 3942 1993 144 5619 5479 4408 3651 3635 2584
32,3370 1925 2659 2593 1481 5027 5494 1562,2304 2763 1924 4015 1895 2560 4968 770 4601 4684 2659 2593 4133 4687 1259 4295 644 1481 5027 5494 1565 5582 4683 1776 3797 3773 4295 910 4045 1443 3367 2763 1924 4015 1895 2560 4968 770 4601 4683 4788 5536 1925 4133 4559 1805 1566 5082 1925 3193 1850 1925 2405 4687 1259 4295 644 3220 3370 1448 5494 1562 662 3958 1930 4790 1350 2397 4295 644 3911 3328 2304 4045 2432 3017 1876 2985 2743 2909 4418 4604 1345 2985 5414 5617 1182 4796 3912 3268 1030 1443 3370 3220 4955 1925 2659 2593 3479 3882 4796,1863 2118 2494 5396 1253 2659,3987 2118 4861 2494 5396 1253 2659 4636 2029 3481 4663 2387 2776 581 4741 4140 1859 2056 3203 1590 729 1605 4846 1253 917 3592 3056 3282 3015 2537 5396 5537 1863 3200 1827 4385 4063 846 1747 5130 5338 1755 1893 2616 1543,258 4060 2025 3692 871,2933 4534 153 133 5096 2172 2633 3162 2025 4112 1423 4022 4017 243 330 294 3129 3972 258 301 4060 2026 4281 1665 3289 4534 2762 4188 3528 5318 4534 5481 4134 3333 3289 4534 4998 722 4133 4996 3333 2916 1092 843 4133 4105 2421 2199 5353 2025 4637 1859 4794 3125 440 4833 3974 1337 5096 2065 5318 2446 5175 2621 4204 4876 3220 4766 3056 4534 4323 4060 2025 2025 4229 2172 2633 3865 320 126 32 3576 1561 5585 300 4119 302 3462 146 933 4493 3233 258 3154 5304 4016 333 3038 3288 4660 1147 4534 2261 4064 5490 13 287 258 3761 2933 565 2218 5655 3220 3950 3219 3771 4952,335 284 4572 3933 835,2202 335 284 101 4572 3933 5254 717 833 4624 2189 220 4636 154 310 3391 4861 4462 1107 2075 2497 3056 4861 3056 5450 2112 3224 505 4883 1183 4283 3325 5282 5355 2611 5111 4573 3934 335 284 2918 3963 1953 833 966 1377 3416 5282 841 1623 363 154 309
33,450 2722 3740 3017 4045 2597 1461,443 3585 4614 3439 2065 2815 3585 4526 3691 2993 4613 1979 4526 3101 2536 2235 1312 2202 1870 4453 1869 4945 203 5279 2414 1312 3584 1979 4334 421 1312 4339 1326 1876 2670 4800 4613,2726 5381 2930 4444 5221,4335 231 4697 4363 535 3201 1827 3129 4706 5381 4444 1335 1217 2560 1715 1153 3485 4444 3159 3059 3948 5607 5274 3862 3941 3942 1107 1810 1997 4206 3292 4655 4766 5512 2186 620 685 5365 1184 4283 1993 2095 2873 2803 4385 1991 3837 5064 5455 4931 4863 5034 2560 3069 1533 4444 5063 1563 4155 1993 537 752 2242 232 1563 3545 3262 2816 5065 887 4444 3159 4446 4286 2448 1401 473 502 5277 5154 4999 966 4382 5138 947 1496 1417 4263 1184 4283 4584 800 5216 2218 2772 2542 4954 5512 2641,161 3761 778 4534 4493 3233,5200 1482 5103 907 2414 3698 3761 1121 3761 4534 2810 5171 431 295 3329 140 4646 1543 2626 3950 4936 5031 2622 4323 2040 1092 4998 4133 1331 3163 2025 842 4145 4431 1420 5585 4661 1559 3981 4119 145 1437 1082 4978 197 4064 778 4016 333 3038 3288 4661 1146 3462 2047 3288 233 5668 491 2522 4119 3162 2025 4661 2674 4119 4421 2674 431 295 2261 4064 13 269 3000 100 4348 1933 3091 4718 4080 778 5200 3244 4493 3233 918 3950 3154 2626 4493 2414 687 4534 4079 3598 4256 3383 3305 431 295 3761 1120 3363 3693 4192 4637 2810 4782 4534 1524 4472 5512 5399 3924 2812 5655,4724 2333 2097 5142 4206 5641 2353,4025 4665 5655 4257 1693 5416 2149 729 2662 4294 2118 3941 505 5641 2353 4501 1615 4636 4683 2099 4295 5655 3088 1615 4766 2815 1539 2173 5494 4683 2099 4295 4206 1841 2104 3941 5641 4437 2353 1196 4639 4665 5475 5655 4257 1693 5416 2149 730 2353 3078 4210 3192 1098 2348 4861 4206 4064 589 1038 4206 4208 2121 2667 1430 3030 2185 2686 5282 2668 5647 4208 2186 2594 1365 2636 2441 2152 4724 5282 4734 4185 469 5497 2795 3143 4251 4386 2333 2097
34,1937 3612 2417 1326 4666 2865 3548 1809,2785 2646 4156 1712 5262 819 634 1952 4974 5329 1954 4666 2865 3548 1624 1809 5208 4455 5345 3129 1954 385 3958 4006 1350 4546 3010 927 4411 2785 2646 2852 4783 2082 1954 4006 2017 2017 1994 4579 4647 1326 5208 1954 2941 3161 5448 5354 1712 5262 819 634 1952 4974 5328 2242 1154 5262 819 5083 1360,2832 5139 2704 3183 2605 4330 2317 1964 4839,2612 4393 5282 5019 1849 5504 1514 1028 2758 546 2704 4883 4283 1564 2433 5282 1964 4839 2449 3306 4213 3237 2317 2048 4788 2605 4330 2609 2488 4134 1776 2112 2761 5463 1552 2422 2892 2570 5019 1849 3957 5504 1514 1028 2759 1184 4283 5282 4866 2605 2832 1546 4330 2605 2832 5139 1195 3820 4520 505 4073 2660 3391 2356 4385 2929 3014 2605 3500 5420 3846 5455 5045 3665 4063 1326 2112 2612 5191 4001,2856 3971 3718 2930 1839 118,3619 743 5335 2785 2646 2811 3145 3619 851 2596 5569 1863 733 2445 2213 1839 2090 743 5335 3982 5419 1013 1821 2705 939 2929 857 4250 3519 118 917 3619 4815 256 4763 489 5335 1839 2929 857 3911 2517 2856 5092 5067 1003 5020 255 5335 4883 2517 5020 4513 5452 5020 1827 2710 2584 5452 3989,4045 3679 2726 5011 4738 4622 2342 2143 4295,3773 4319 910 4045 3679 1297 2726 5011 4738 4622 2342 2143 4192 2815 4796 3634 4398 4602 4622 909 2022 2077 4402 2341 2683 2205 5386 5180 4398 2890 981 3903 5401 2572 3927 995 1927 2957 1502 3462 4788 5262 819 3404 3208 2205 1935 4738 806 3032 1324 3220 2397 4804 1259 3220 4298 1736 1098 2340 1448 4960 3461 2143 1481 3692 2022 2077 909 4402
35,3773 5052 3639 4295 5655,4045 5625 3017 4484 4475 2236 1692 4130 4476 4723 5052 4201 5625 3403 2218 2562 3639 2659 3328 4294 2397 910 4045 4636 986 541 464 2932 4901 3007 3503 4295 4766 3056 1750 2181 5623 2793 1216 4045 5625 3017 4348 5536 4694 981 5487 4484 4475 2236 1692 4130 4476 4485 4520 2218 5051 2397 4636 2745 3639 2659 1028 3773 4295 1185 1185 2304 4641 3399 4045 1029 5624 763 1365 4766 1859 3646 3620 4870 3593 3657 5052 801 3252 3735 918 4294 1830 530 2205 277 548 3183 4670 2659 1052,2186 3557 4308 948 4294 3961 1114,1038 2560 3069 2112 5665 3646 5034 2560 1715 2693 1286 2186 2725 3557 4308 2929 664 4588 4294 3961 2584 4306 1998 1114 695 5282 4671 2401 3962 1893 2338 1069 3961 1350 5282 3159 4940 4444 2725 3557 4308 4155 4668 3192 3558 4057 4690 4385 3191 4164 1038 2560 3069 3056 3200 2107 5665 3646 2186 5092 4588 2584 4306 5034 2560 1715 2693 1285 4588 2584 4306 4021 1114,416 3351 4064 2861 4952,3584 1129 5193 3107 4476 4620 2930 490 416 2930 3351 3460 3107 4476 3144 258 318 2562 5261 5227 3063 3619 3144 13 841 4761 178 4761 4637 4334 2198 4952 1326 3107 4476 4554 4620 2930 489 416 1009 4495 3855 3351 4064 4901 5200,4045 3838 1852 5514 4622 2342 5415 4192,4622 2342 5415 4192 4796 1852 5514 1776 3773 4319 910 4045 1448 4528 4783 3831 1821 4442 4622 2342 5415 1852 5515 3499 5150 639 5144 1481 1821 4442 2011 4192 4385 3678 3419 870 1103 4864 3993 1736 4087 4926 5539 3696 1182 1259 4602 3136 2342 5417 4796 1448 5228 2612 1248 3944 2220 4192 4520 4045 2870 3940 1981 2143 1914 4192 5513 3120 1994 5292 5415 1481 3692 2022 2077 909 4402
36,3822 1123 1184 1255 4045 3911 4953 4095 2631,3549 4964 3512 1539 1539 2793 2933 1200 3017 4329 504 2599 4959 4295 910 4045 3787 1908 2771 2631 3911 3328 4952 2397 4796 4095 3822 1907 3549 992 5582 5317 2065 1184 1255 4636 3798 2304 3773 3822 3787 1908 3872 5224 2065 1184 1255 992 5582 5317 909 4433 1196 4638 2305 1462 3931 2770 864 740 2541 4969 4246 504 2599 3905 4964 3512 1539 1539 2793 2933 1200 3269 2631 1095 1453 3506 4296 5450 4275,4766 1863 1324 1109 5034 4408 4801,2202 246 3463 4980 3662 3933 3619 530 5555 4455 3692 1954 2052 1324 1109 2930 4408 4444 4801 1360 2930 5619 1524 3989 2000 1201 760 4408 4091 3129 4980 3619 530 820 1424 2137 3245 3646 4419 5221 850 3331 91 65 248 432 314 106 4279 2933 1424 2137 5551 3529 2961 4898 4937 5142 1223 2052 5551 4155 3484 1200 5562 1906 4593 4091 1072 1244 5387,5434 3926 509 111 2393 5621 725 3298,5311 4623 3619 4677 4455 4113 5485 3727 2698 2183 111 2486 5434 3926 509 4677 4455 5293 527 2539 3942 4636 322 1850 3942 1712 686 1984 2726 1910 5438 5434 5474 2487 4847 5403 3942 1872 725 4979 3538 5434 3926 509 1482 2211 2930 3942 897 4063 1948 2635 695 5200 3727 2698 5455 2180 3942 3576 5291 4103 4060 1482,5108 4548 3034 2809 4876 5034 3416 3302,3786 2620 530 2185 717 1727 5655 1208 5037 5450 5282 3416 3295 3256 4758 2380 3576 2725 3416 3295 2714 4154 5108 4548 929 1977 3056 2156 4283 917 2499 2429 4889 2493 781 2428 5446 1381 3654 2457 2430 4548 3334 2310 4735 959 4064 917 2642 2756 2430 1456 4385 2173 5385 837 771 1544 1998 4990 929 3070 917 4003 2773 3659 5282 3187 476 5609 570 681 5248 777 2380 1482 3786 1727 5655
37,1124 1340 4055 4154 1596 3227 4319 4870,4429 514 4055 5077 3227 2659 801 1596 1124 1340 1313 4120 4613 1328 4796 3227 4295 4870 3063 1313 1124 1340 4120 1349 4613 3391 4385 4922 3697 4389 530 2216 642 1487 2788 1441 4002 2659 4055 3223 5247 1877 2789 4870,5282 220 1493 4224 4348 3063,4647 4706 4660 4334 112 5014 1355 3916 761 1224 4826 220 4766 4348 3063 4734 1113 4636 113 2560 1715 5479 5450 2676 3517 3069 5282 2039 2483 5034 2560 1516 1339 5619 1787 964 4062 2397 966 5460 1487 1993 1843 3171 2560 3056 1377 1715 4517 2380 4771 2264 2367 510 1315 1410 2052 2039 2483 5282 948 4706 4348 3063 4632 2380 4844,2992 3585 4613,443 3585 4614 3439 2065 2815 3585 4526 3691 2993 4613 1979 4526 3101 2536 2235 1312 2202 1870 4453 1869 4945 203 5279 2414 1312 3584 1979 4334 421 1312 4339 1326 1876 2670 4800 4613,2484 4262 3576 1184 4283 5282 618,459 2048 2980 3831 5273 3762 2300 2415 2484 4262 5356 2073 3238 4346 4573 5282 618 917 869 3042 3941 761 2381 5282 3636 1993 2337 2281 1867 3778 4796 619 3894 4766 2897 926 5112 2983 1099 1846 618 1168 2073 3610 4183 2596 2300 3263 1521 1879 1184 4283 1688 5618 5397 3708 5282 3347 335 413 50 3942 3692 2933 1184 502 2048 1324 4232
38,4832 2093 3843 919 5122 3548 1044 4870,3696 885 2533 5245 4450 3647 5120 1257 477 4832 2093 3843 5245 919 5122 3548 530 1044 1776 2397 3026 1330 5122 1044 3708 2775 885 2533 1448 4245 1850 1430 2807 554 779 5120 585 4885 1370 844 4070 4437 2394 4151 1326 2740 4706 2729 5512 769 3307 4192 3578 2476 1182 1854 5559 1498 5017 4832 4168 1345 4094 4150 1954 2740 4706 5512 769 3307 4192 2804 2510 1525 4156 5250 3578 2476 919 1854 4015 4870 1196 1778 2534 5190 3895 4391 1345 3548 5220 2476 3655 1182 5559 2533 1968 5245 3278 4488 5120 4870 4167 2446 919 1854 4015 5085 2806 849 1468 4248 4832 4870 805 4353 3223 3552 5077 4885 2394 1481 3601 2736 1347 4870 1850 4156 919 4295 1044 530 3773 5017 2872 3261 821 2659 2967 2729 1230,4206 485 3617 5251 5282 3152 5455,4647 1778 459 530 2112 4250 4398 4592 2578 387 791 4206 485 3011 5251 5282 3994 3152 5455 2281 3605 2380 4154 4799 3362 386 5103 2281 3605 485 3453 2782 3151 4788 5251 2380 1355 2957 3462 4028 5069 1397 792 791 1776 3744 2444 5282 917 4206 3617 3354 2416 1871 5630 1397 791 4250 1712 3933 5282 485 4206 4134 1779 5385 838 2507 3942,21 3764 1904 1697 4958 3924 180,4312 530 2268 4390 5033 4870 2127 3916 2070 1094 530 2268 21 4389 5005 5033 2129 4870 1776 4312 2202 4981 2336 4636 67 4520 2336 3240 3916 180 3892 2129 1183 3007 2129 5579 1635 2336 1699 2007 1038 3571 4312 21 4867 3894 2329 2769 5004 4870 2161 3068 1502 1308 530 5581 5247 2827 916 1389 21 1182 2202 2729 4566 4401 625 4534 3440 609 5234 4746 4870 4721 3889 1916 2037 5124 2348 1482,4206 1556 4572 2693 4265 246,3404 4624 2691 4063 3140 867 601 4981 2580 1556 1555 5297 721 2153 4250 3031 4622 547 560 2445 4541 4265 4636 1869 59 3942 4621 4816 3417 246 3404 1087 2266 2693 1993 1594 5253 2186 5337 5383 5619 1082 3139 882 1594 3935 4446 4661 5669 2595
39,1790 3617 5121 2757 3732 3918,5553 3846 1619 2845 5115 3903 4796 971 5553 910 1790 4579 612 3773 5120 3738 1619 2845 917 4660 3732 3918 2757 917 5455 851 4796 2735 4051 4248 3903 978 1776 1790 873 5272 3223 1619 2845 5115 1184 3903 4796 970 3496 612 3773 2845 4398 5632 4945 4071 1108 2188 4397 2929 3513 3773 4796 3372 3628,5142 505 5282 2388 910 1554,4583 1090 1539 2173 505 4206 550 2543 1280 2228 513 596 502 5638 598 2111 546 3412 2485 2335 1540 910 1554 4884 4206 1833 1554 4501 959 4799 5271 4641 812 4206 3087 313 2757 3853 4036 5321 911 4541 5215 1726 4583 3170 1539 2173 1554 4734 4206 550 2543 1280 2228 513 596 502 5638 598 2111 546 3412 2485 2335 1541 4271 567 3078 811 2506 2776 581 4319 4437 4630 1863 4283 4901 5282 2822 4437 2184 2388 2125 4440 4444 669,344 3460 4756 841 418,3594 3107 4476 418 427 418 408 4436 3460 210 2202 399 5655 3779 3462 2893 5193 3107 4476 4436 5430 1439 344 4647 2978 4117 4398 2389 1207 5193 3107 4476 3069 418 427 418 408 210 4761 99 58 3067 2145 344 4064 5114 3107 4476 3936 3586 4436 3849 2991 4606 3107 4483 1880 1778 2202 399 1196 2930 953 4436 344 3159 749 137 64 3460 5193 841 3107 4476 418 2930 841 344 1980 2930 4004 634 2811 3694 1109 418,3129 2933 5029 2039 2483,443 3585 4614 3439 2065 2815 3585 4526 3691 2993 4613 1979 4526 3101 2536 2235 1312 2202 1870 4453 1869 4945 203 5279 2414 1312 3584 1979 4334 421 1312 4339 1326 1876 2670 4800 4613
40,1182 2577 1960 1570 5126 4970,4134 1573 805 4353 1962 4702 3474 3136 5064 4968 1586 1916 1960 2669 1391 1748 2968 1572 4683 5125 717 5598 1291 2757 385 1571 899 1317 2915 5327 5126 2630 5348 5067 1961 3460 3804 4333 1959 2345 1776 1182 2577 4807 1573 805 2930 4353 4933 4733 4796 2915 648 1317 2968 1962 4702 3136 3544 1111 1960 1572 4968 4467 4458 1585 3834 3429 1570 3500 1182 2577 1317 545 4347 5348 3136 2629 1962 2775 4072 1291 850 740 913 1960 1960 1958 4868 4971 4764 1895 1719 1570 5086 4706 4971 3136 4348 4398 4870,93 4887 1482 1412 1369,3619 530 505 3692 5585 4283 2039 3385 1399 984 411 93 4887 3635 1482 695 4250 3823 3619 1226 505 1412 1368 4570 2933 5450 5282 3385 2043 2654 4641 530 1623 117 2785 2646 1954 1481 1701 5585 2039 1399 983 4698 4867 2396 4826 4157 3806 2396 1543 3361 939 759 4514 1448 5079 505 1368 4446 3867 5068 2110 1360 2894 2615 2417 3903 505 3646 1200 3168 4903 917 4698 4867 3761 3386 5282 1368 1514 4523,4289 4231 5487 3477 174,3619 5335 1779 3403 838 4365 3631 5336 2153 5635 4366 3632 2320 4289 3656 4229 5487 3477 4677 4455 1918 2785 2646 4716 4513 5461 4289 1850 530 3614 4420 1235 4869 1783 5628 2584 3477 4728 4944 2096 2041 2785 2646 2584 3477 1920 4734 4716 5335 3683 731 2172 3477 4677 4455 2766 2754 4366 742 2856 2785 2646 3477 5034 2560 2804 2754 621 2407 2558 3477 1919,4312 4826 220 3682 4206 4795 1136 1397 1141,2612 2074 5243 3661 4064 707 1355 2142 2109 4826 220 2074 5243 2831 1929 1776 5034 4795 1136 1069 5079 1397 1141 3434 3399 2202 4636 371 1776 3651 485 5282 4312 220 349 3605 4520 5243 875 4651 82 220 2052 1397 1141 5243 1776 4206 1355 2142 5286 5243 1448 3733 1109 5479 2676 459 3403 1359 2013 3481 3225 4889 3786 2380 4295 1727 567
41,742 1069 1187 1461 2575,1365 1032 1480 2933 3773 4796 2811 4063 1098 3655 4212 1876 2574 3550 3256 5070 3100 1109 4796 1187 1461 635 5164 2368 2575 3391 103 83 321 278 4248 3872 3773 1591 727 1032 1480 5655 913 4238 1897 3813 742 4820 2240 5427 1869 743 2398 1461 2575 3062 1350 2243 3100 2496 4788 742 3476 770 2590 1916 4796 519 2958 1182 2577 5626 569 2726 1475 2878 4718 4248 3903 2760 3833 2612 4484 3263 1187 5009 1824 4133 4180 2011 4796 3194 3391 2356 451 742 2764 965 1273 832 1871 3674 2573 4657 4796,5372 2553 4348 4496 4734 3385 4444,4444 1822 1069 2397 4391 3243 2933 5619 3619 5551 1839 3802 379 3129 1577 1999 4999 4444 4496 1937 4224 3159 1326 1656 4436 42 4444 5372 2553 5551 4006 3646 5531 1711 1328 2560 5201 1839 3801 3618 4444 144 4734 3385 4568 4945 1087 2933 4408 4391 4444 3612 3056 1378 2397 3594 5372 3069 4444 5306 4963 733 868 1850 884 4985 4812 4372 2596 1425 1719 2369 1651 1365 5316,4534 306 2202 424 4766 3195 750,750 232 1113 1129 3783 306 778 4535 4534 306 3865 2130 5298 424 4766 3195 750 4636 1869 132 1430 5661 2202 2439 5422 1776 424 5385 4097 1085 4534 750 4901 3007 1902 232 1113 1129 3783 750 306 5078 778 4537 4018 750 3212 3499 3924 5447 306 2202 3403 4398 508 2029 5603 2196 3472 4810 2785 2646 3831 2130 5298 161 1085 778 4534 750 155,3129 3650 3369 5472 649 967 204 276,2210 4766 5451 1336 4632 521 2487 2657 1179 195 263 135 530 2686 2176 195 263 134 2486 2657 3129 3369 2281 1723 917 5472 649 4628 204 276 5030 3129 3257 437 2688 3535 2397 2686 2176 204 276 5180 5030 77 264 966 1336 4632 521 2487 2657 2725 17 4232 3407 1727 2498 1179 4154 3369 4122 5424 865 1644 4628 204 276 5472 649 3540 2000 1957 3957 1487 2687 3825 2427
42,5659 1090 2721 3462 4870 981 2597 1461 4295,4994 1776 4901 3007 801 3596 4603 4003 4163 914 2131 5659 4470 450 4162 801 3459 5174 4994 1678 2597 1461 4295 3391 193 5386 4870 3608 784 1678 5660 2597 1461 2065 4737 4604 3999 5085 4788 2129 1776 464 4701 4600 1182 3705 4796 2060 2008 4134 3391 2356 450 3056 2831 1778 3500 3598 4870 4119 2618 4717 5659 4295 3437 634 4192 3867 3579 4618 5563 2809 5655 5661 3785 3639 2624 3199 1776 1624 3534 1355 954 1678 2597 1461 4291 3077 2599 964 5659 4295 3256 1680 2596 4796 3476 1352 4741 4610 3330 5659 5535 3176 1000 2659 1776 2861 4042 1475 5210,4494 2005 2726 1937 2322 2938 3508,4901 3007 3619 530 502 4250 3963 3618 87 363 414 293 3129 2510 4298 3618 86 871 2414 1809 3598 2857 3344 871 1543 505 5487 3626 1607 3129 2510 1107 502 4494 2005 871 2706 2584 3989 4520 1783 5282 2676 850 740 1319 5646 4557 4867 3870 2824 916 4466 3747 1035 3625 1546 3791 1681 668 1937 1174 5058 2322 2938 3508 4494 2006 1448 1775 5321 463 3708 3067 4796 3700 4152 4870 2005 4867 3620 1773 1937 4092 5647 1634 3947 691,4499 424 3692 871,3619 2130 750 1261 1171 2622 5200 3165 4500 4789 5574 700 4799 4923 871 3056 4499 4534 425 337 375 363 30 263 366 406 268 90 52 184 6 213 53 424 166 376 157 248 283 268 125 292 86 286 105 43 107 5655 1149 4281 3528 2550 1948 5200 4102 4521 3325 4528 4534 3229 1948 3406 1038 3041 4534 4134 137 552 4901 3126 13 4499 4536 565 4500 4788 2159 2725 5353 1337 2853 4134 4499 5200 424 4637 1859 4534 1261 320 161 201 3528 4499 1437 172 114 4005 1171 2622 5200 3950 3516 3406 3567 2045,2726 507 4659 3851 1839 3801,4206 3381 5619 760 5551 4945 144 1106 4457 1394 2139 2029 144 2726 1976 1184 4283 3850 4444 1839 3801 1954 3692 3257 4334 2031 2933 4444 1977 2753 486 1471 1364 1266 542 528 1402 2354 627 5254 4917 5525 597 2349 1834 1403 1416 5366 5390 2774 512 5521 2277 4988 4190 5254 4916 3381 5619 4457 1394 2138 4134 4569 4444 2781 1405 1413 1353 1324 1109 3851 1839 3801
43,3370 3237 1326 4546 919 4295 1044 1884,3797 3773 4319 1443 3370 3838 1456 1885 4546 4641 919 4295 1044 4796 5492 1885 4546 4295 921 921 1895 870 921 2017 1044 4796 3759 2307 3963 4638 4546 4295 5653 1262 919 1044 1884 5487 3598 5345,4230 2584 4306 4660 1094 2122 4295 5655,4728 4217 3928 4023 4842 5074 4843 4363 2122 4294 5263 4796 4559 5655 5074 4728 3527 4023 2122 3576 4306 4305 3527 4230 4294 2122 3769 4348 733 3527 4661 2584 4306 1762 4842 5655 1206 3731 1954 2397 3961 4766 943 1532 5282 1744 4306 5655 1038 2560 1850 5282 3557 4308 2929 664 4515 2186 5665 3646,5232 2735 4718 3727 2929 5665 4511,1985 1118 4740 3715 1371 1866 3587 5532 5148 3738 5209 4740 2933 5666 2735 5364 1371 861 3596 3953 2295 5127 4511 3220 4740 5665 1047 3742 1319 827 2933 4739 4425 5667 3473 5364 4097 4928 1613 861 1613 4620 4359 5205 1985 4928 1980 3953 688,4628 4310 3738 805 962 5406 2684,2612 1976 1827 4514 3765 2513 4520 1043 4531 2210 2900 1290 4310 4437 1621 3963 657 2358 3845 2173 5421 3320 1428 682 805 5407 4294 5628 2440 5407 4502 2241 962 5406 1356 5423 4796 3043 4745 2012 2516 4520 5500 3043 4745 4701 1817 2868 2374 1481 1043 4246 4867 1622 2612 4628 4310 682 1895 870 4072 2551 4575 2356 3463 2612 2173 4502 1106 2064 2684 4294 4862 3320 1428 682 1776 2869 805 2684 3122 4133 4369 448 5036 1015
44,2799 1776 1263 1421 2659 1538,4134 1156 524 3828 4294 4788 3903 838 4581 1461 2403 4131 524 2788 3458 1421 4295 2446 981 899 1461 2403 4129 4736 2547 1314 2290 2551 1776 3597 1157 2799 3553 981 3549 634 515 522 1481 3931 1421 5315 4599 4295 2799 3417 981 5487 4955 1538 5427 4520 4910 1157 3220 2930 1752 4599 4295 2799 4665 4348 701 1010 1350 4870 1326 4295 1445 4738 947 1975 3044 4613 4294 2577 3182 1636 4295 4580 3566 1538,4623 5512 1796 2726 3894 3343 1194 4408 4444,3957 1871 2180 4064 1928 5619 5551 3786 3933 1727 1211 5512 1796 5439 757 4154 4622 1928 5619 34 3275 4063 5479 4446 5551 3057 2180 3167 3656 2888 1659 4067 2836 4636 369 3903 1677 5439 757 2811 3391 4860 1928 5619 2562 4147 246 3692 2870 1923 4179 4083 3430 4891 2405 2568 3576 2725 49 217 1980 3093 1928 3943 2785 2646 2014 3481 3225 4060 4408 5512 1796 5439 757 850 4063 5619 4060 4408 34 3294 1928 5619 2918 4389 761 5619,3497 21 1712 4116 178,1624 2989 3642 4334 5200 2933 3107 4476 22 1712 4116 178 4641 1869 212 3761 4763 3642 1119 4334 1763 178 880 4398 3081 4241 3641 4901 5200 2950 2218 1350 3527 5156 1954 2928 4517 3107 4476 3064 4117 3056 3269 5181 179 3860 3332 3855 5244 1448 953 3207 4733 3075 3855 4204 2617 178 1069 4433 3950 927 5094 5098 3580 3056 2928 953 2239 3181 2622 5200,4294 5282 1744 2929 3715 2581 4306,443 3585 4614 3439 2065 2815 3585 4526 3691 2993 4613 1979 4526 3101 2536 2235 1312 2202 1870 4453 1869 4945 203 5279 2414 1312 3584 1979 4334 421 1312 4339 1326 1876 2670 4800 4613
45,5122 2590 2726 2328 2665 766,1989 5120 4391 1739 5595 2328 2665 4565 3002 3268 449 1778 3435 5523 2233 3221 5122 2590 783 5468 3705 2845 3187 1008 3074 4967 4867 2665 1059 1793 3644 1329 4710 4663 3896 2093 4390 2607 2777 4821 5468 5205 5122 5592 2229 2621 2777 2541 3842 3719 4821 2328 2665 3698 1504 4698 2845 3032 3910 5593 5214 2894 4294 3978 5612 1458 3025 2815 2612 767 3979 3942 2898 5085 1329 2665 4838 1776 2590 1929 2996 2606 2328 2665 4984 913 2093 3860 4134 5120 4154 575 1595 4638 5415 2328 2665 5653 3470 4506 2583 456 3985 2583 3572 2726 3472 5206 2606 4429 910 1390 4168 1778 3564 1191,2992 3585 4613,3056 3646 4925 1821 824 2110 93 4669 2882 5155 1434 959 5142 530 5395 1497 2362 3957 1350 1954 3667 1986 675 93 19 3056 3646 4925 1821 824 93 4669 2882 5155 1435 2362 3883 2202 4064 4517 5282 646 1192 3384 776 3531 2202 4064 4915 5447 3868 5224 4622 2692 4555 1404 4422 470 3942,362 1262 2811 3924 5601 238 1570,3576 1954 3950 5600 1460 1573 3575 2870 2411 3403 2811 3924 238 1570 3325 2069 4636 45 4742 1994 3507 3175 2854 2722 3576 2413 1573 3924 5601 3064 4399 1638 701 785 4668 453 1069 3236 1457 1360 2249 907 2202 1891 2502 4636 3399 2811 3924 1570 2129 3876 1659 3753 662 2797 2741 4873 238 3656 4229 1237 5030 5600 1038 194 326 3528 4217 2586 4456 4419 773 1669 362 238 318 279,1689 4955 2714 2434 4641 1637 4446 1465,1321 2646 459 4064 1543 3948 4579 838 3646 2158 5424 848 3389 4437 2434 2811 4063 2158 4446 1465 1679 5424 4286 561 1246 4641 1929 1869 1858 5385 4139 1380 5290 2158 5424 1481 3656 1618 5009 851 1993 3696 2435 4520 1264 3056 1182 4286 2725 2730 1321 2646 2434 4064 1543 3948 4579 838 1465 846 1195 1246 5142 5010 5288 1689 4955 1465 2714 1448 462 2434 3403 3391 4425 5450 1465 567 1194 1776 2811 4064 2933 4286 4445 2158 2451 561 1246 2947 1465 3129 5589 4206 4983 641 5585 1069 3933 5282 4286 1445 1465 3646 4406 4286 3129
46,5592 4867 4870 3673 4764 820 1842 2541 572,770 3666 4870 2799 1836 1305 1776 4870 3673 4764 820 1842 2541 572 837 3566 5498 5047 3220 732 4796 3892 1668 5562 3237 1914 1345 5077 2599 2397 3615 1546 3431 4870 1776 5592 1929 4945 68 3036 1498 5017 4796 1069 4329 2326 2541 4613 2547 4773 1936 5004 2129 3754 4249 1345 1021 1730 787 913 3009 2596 1871 4248 3868 530 2397,4766 1859 2002 4408 5512 1796 1069 246,4520 459 5551 614 4867 4274 4701 5619 647 4275 1215 459 4444 5512 1796 551 1413 4154 614 4701 4274 5619 5551 3679 2180 3053 5174 4391 1109 1194 4408 1663 4636 370 3619 5551 1069 459 4444 5512 1796 5214 1324 3786 2933 5620 4766 1859 4060 4408 1827 1596 3127 4446 459 5551 4250 3232 2828 559 1993 3692 1954 2172 5619 760 4408 4567,509 21 5157 1871 3908 2917 3924 180,2202 3063 3811 3063 4636 4509 3924 4534 4031 3434 4782 690 21 5157 3208 5002 4636 45 3894 4766 5222 3916 1094 1871 4566 4725 3939 2200 4981 2336 4111 3392 1904 3764 4566 3814 1871 2905 3527 3924 21 4507 3063 1527 2069 5669 2581 1482 2582 3894 4566 1527 5000 21 2726 5005 964 2129 3220 2842 3584 2993 4534 1044 1700 491 2763 4012 5197 608,4840 1301 4137 3737 805 5407 2684,917 3321 3844 2012 862 4859 3270 4010 2687 2519 4606 2686 3948 5549 5647 3435 802 5407 5628 3737 3320 1428 682 3963 1754 582 4319 1422 1302 2191 3026 3282 3462 4427 2512 1384 3844 2012 862 4859 3270 4010 2687 2518 3321 5061 3702 3566 2231 4319 4611 2281 5407 4796 2056 1734 2612 3321 3051 3593 4927 957 4216 981 4840 2779 905 638 3033 1776 1301 657 4252 2931 3220 582 2887 862 4197 2165 477 3709 4701 1681 1775 4187 3321 3838 2802 3859 1349 2939 1850 4052 2933 1735 3320 1428 682 3738 805 5407 5628 4369 5036 2687 3036 1895 870
47,5592 4154 3104 1856 1790 3773 5120,2612 3554 3776 5553 2972 4796 2055 3612 4310 3132 1950 5553 910 1790 3773 5120 3104 4796 1776 1430 2094 5415 3553 1984 2248 2608 3446 3553 3130 3104 1895 5195 2598 5191 3069 1843 4310 3132 1949 3446 5632 4945 250 3554 3220 839 3421 2188 1046 2289 2469 1871 3243 2016 3553 3131 4385 2745 612 3773 5120 1790 3256 3034 2929 2948 4224 4661 1339,459 5512 1796 5251 3651 2933 5619 3561,4520 4206 4701 5619 3091 3310 952 2922 2734 1555 4532 1776 2893 2252 4084 4889 614 1821 5652 4520 5046 2989 3691 952 2922 5103 4636 368 3910 3731 3526 1624 4011 5560 246 4206 5570 1776 5282 4859 4726 1812 1450 4520 4532 459 5551 5062 5196 614 5647 3056 1928 5282 246 5282 1016 5512 1796 3564 5391 5282 4661 4060 5452 4389 5282 2252 2621 4084 4889,303 1728 2581 1568 1733 3924 180,4134 5486 1067 2202 2343 1360 2777 3313 3708 1165 4016 4534 303 924 2974 3411 4103 2581 1568 1033 4463 1733 3924 180 423 1166 4637 3796 2202 3257 4336 21 3947 4832 5486 4796 4832 3843 3950 4534 890 2777 3311 303 3872 4248 1734 3924 2861 2626 4968 4808 2343 2778 3311 5486 4389 953 4199 5318 5166 3855 3598 4431 5587 2343 3839 888 2747 3450 564 2202 4610 3779 3924 5114 2626 3257 2452 1164 4077 21 303 1184 4491 4134 2356 1024 4348 785 2247 1909 4978 2594,3779 1620 1278 1370 3183 3737 682 805 5407,5469 5077 1976 4320 4054 3226 860 2642 3759 5552 1871 5628 1691 4051 2927 2192 1251 3008 2801 737 5469 2364 4154 2356 5131 3893 5407 3320 1427 682 3838 4624 3122 4133 5628 1370 3036 1895 870 875 2367 4731 682 2757 3392 2757 3209 3392 1428 682 1428 3779 1620 1278 1733 1106 5407 695 5407 875 3050 3056 4990 695 5407 1569 1580 4076 4076 3056 4867 5470 3220 888 5407 4294 5628 3694 2930 1106 3056 1976 2643 1687 2150 5058 1139 5508 5308 2612 4295 4057 4624 733 3286 2687 682 3415 5653 4766 1293 3844 4098 3517 2397 1290 2376 4437 5548 3598 4355 4177 3958 4796 1290 2376 4355 3958 5487 2815 4796 1543 4619 2064 3938 1355 5455 2063 1355 1931 4729 5500 5466 4849 5128 1931 2616 5455 1680 4575 2357 3320 1428 682 1776 4294 5628 1481 3122 4133 2194 3737 4628 1290 4310 4437 1621 657 2358 3738 805 962 5406 2684 1370 1251 891 2585 4213 4137 4927 2397 1290 2376 4437 5548 4280 1477 3175 3183 4779
48,5409 2529 2763 2593 2303 3462 2581 1482,4520 3786 4849 3595 644 1075 1366 4592 5580 4673 733 3038 2303 3462 3308 5487 644 4602 895 3599 1776 1182 3705 1443 2532 4520 4245 1850 4842 4387 2581 1482 4867 4388 2302 4821 605 4849 3595 644 1075 1366 4592 5579 1776 2529 5026 945 2302 3969 2302 3994 2815 3308 5175 2763 1691 5295 4323 1720 4796 3500 4294 3785 5409 4161 4686 3227 5115 2531 4636 2356 2593 5385 1449 2203 2742 2480 2912 4854 4295 3816 5102 2910 645 2951 644 3263 3672 3861 2584 2659 875 3156 2203 3182 2432 3828 4295 2418 4685 2414 4796,1783 1143 3680 4552 5282,1976 4283 4288 5106 3619 4446 2112 3844 2953 2930 5444 4315 1282 1776 4552 4283 4288 5106 5037 5450 5282 1143 3680 4636 1869 363 351 4154 4552 3056 5450 4446 581 3899 3047 2933 5282 3013 4057 1024 4883 4288 5106 3673 4315 1284 4520 4315 1283 4876 1143 3680 4801 1009 1615 1776 4015 1715,2783 2930 1009 538 2726 3894 3280 509 21,5592 5182 4566 4725 180 1064 5005 964 2221 2129 4766 3817 2726 3894 3280 509 21 4636 36 2763 5405 2202 689 2966 3208 5003 3056 3269 5592 5182 3894 4566 509 4134 1152 1430 2202 4981 2336 3648 5005 964 2842 3584 2994 4756 2626 4390 3903 530 2130 5579 5005 964 21 2783 2930 1009 537 4418 1098 4978 4888 4222 3227 4870 2129 3005 4484 1184 3894 4566 4725 4766 4087 2130 3950 4534 267 424 161 1184 3777 5200 1846 4648 5405 2062 4520 4575 36 3280 509 4389 2903 5413 3549 21 4534 4794 1507 4030 2221 5647 2846 5133 797 3768 3735 4072 1913 1904 3616 3608 2779 4466 468 5413 3549 21 5203 4484 3434 1479 3363 2202 5095 1098 5405 180 537 29 102 1397 2258 1507 180 428 222 2587 4782 4295 4306 5117 4334 21 2467 5405 2632 1146,3034 4706 2935 3784 33,2397 5487 2937 5282 5241 3807 3421 4733 2058 484 2104 4940 1974 3761 3355 3806 1577 3784 2104 33 2397 5487 2937 5282 5241 2003 2361 2380 3761 2057 4734 5381 5282 5381 502 5381 4209 2937 3576 5282 715 4136 2436 4285 1783 4271 5531 2057 3761 5282 913 2380 3276 3277 5378 964 3807 3421 2057 5381 5282 543 5651 2718 3960 5261 2425 2262 520 850 5419 1409 2360 1783 4444 2293 1620 1734
49,2529 1096 2203 2742 2480,644 3263 3672 3861 2584 2659 1078 875 2919 3157 3705 1443 2529 2763 4295 2980 1543 4796 2204 2837 1527 5487 4388 2742 2480 1776 4602 895 3599 2980 2204 2879 1527 4796 4043 4349 702 4329 4528 3646 1200 3994 1259 1850 3742 4100 633 3462 3500 2530 2659 2767 4671 733 3038 2303 3462 3308 1448 4294 3785 3500 4796 5026 945 4737 5175 1691 1720 5296 2593 4520 2529 4783 5410 4636 2356 2593 5385 1449 2203 2742 2480 2912 4854 4295 3816 5102 2910 645 2951 644 3263 3672 3861 2584 2659 875 3156 2203 3182 2432 3828 4295 2418 4685 2414 4796,4294 2104 3425 4229 4363 3640,4023 1486 3200 5282 2122 4319 1518 2172 3643 2104 1998 5190 1828 2054 4229 4766 1859 3254 3129 4334 5311 2120 2054 4363 3200 2104 3729 2581 4306 4605 3640 4660 2584 1827 3527 1115 4217 4643 2581 4306 2584 1825 1486 4294 2098 2122 4295 1518 2172 3642 2054 4363 4733 985 5282 5092 4588 3961 2581 4306 4734 1330 2450,380 164 5585 397 537 2726 2928 180,2612 5592 4517 4534 21 5096 2933 953 3615 4783 1238 1507 14 28 311 1407 616 2722 180 3576 933 4493 3233 3629 397 773 1751 5141 5507 4641 116 1319 5592 1423 2930 4534 21 4624 3155 180 423 1876 3213 4446 428 3224 2933 4534 21 1507 2221 15 21 3203 4493 3233 180 423 1701 4493 2414 110 164 933 1325 4783 2861 16 3212 2723 3128 4493 5136 3761 303 3472 1325 4794 126 354 21 5157 689 4520 4981 2336 2202 3576 1094 3063 3325 2069 2612 537 3163 3894 4566 4725 1652 5405 180 4348 1507 180 428 222 2587 4782 4295 4306 5117 4334 21 2467 5405 4306 2632 1146,4294 5282 966 1184 2222 4299 2123,3646 4294 5282 5223 3161 2223 5282 1280 1451 328 966 3162 2408 2935 3784 373 73 4299 2123 5282 4210 1334 1452 4155 4423 3293 4918 2985 2550 3693 1937 1183 4283 5282 328 1977 5638 3346 910 4379 4514 3220 3646 4294 5282 3761 3161 2222 4299 5276 2387 1280 1451 1863 4283 5282 2515 5512 2641 3911 2389 4283 3646 5282 3576 3784 652 2123 4441 2535
